Partido,Fecha_Hora_Colombia,Liga,Tipo_Mercado,Mercado,Mejor_Cuota,Mejor_Casa,Num_Casas,Score_Final,Diferencia_Cuota_Promedio,Volatilidad_Pct,Margen_Casa_Pct,Cuota_Promedio_Mercado,Todas_Las_Cuotas,BDI_jsd,BDI_n_bookmakers,BDI_std_p,BDI_mad_p,BDI_jsd_fair,BDI_n_bookmakers_fair,BDI_std_p_fair,BDI_mad_p_fair
FC Viktoria Köln 1904 vs MSV Duisburg,2025-12-21 13:30:00,3. Liga,Goles (Over/Under),Under 2.5,2.05,tipico_de,14,0.652,0.2321,6.45,5.92,1.8179,tipico_de:2.05; bovada:1.95; coolbet:1.94; betsson:1.92; nordicbet:1.92; codere_it:1.91; unibet_nl:1.72; leovegas_se:1.72; unibet_se:1.72; tabtouch:1.72; grosvenor:1.72; unibet:1.72; leovegas:1.72; casumo:1.72,0.000866,14,0.034490,0.033229,0.000388,14,0.023180,0.022448
TSV Havelse vs Alemannia Aachen,2025-12-21 07:30:00,3. Liga,Goles (Over/Under),Under 2.5,2.3,tipico_de,12,0.7057,0.3117,7.19,5.98,1.9883,tipico_de:2.3; nordicbet:2.15; betsson:2.15; codere_it:2.13; unibet:1.9; leovegas_se:1.89; unibet_nl:1.89; casumo:1.89; leovegas:1.89; unibet_se:1.89; tabtouch:1.89; grosvenor:1.89,0.000837,12,0.034024,0.031168,0.000420,12,0.023989,0.022132
TSG Hoffenheim II vs Wehen Wiesbaden,2025-12-21 10:30:00,3. Liga,Goles (Over/Under),Under 2.5,2.4,tipico_de,11,0.6052,0.2591,6.39,6.18,2.1409,tipico_de:2.4; betsson:2.3; nordicbet:2.3; codere_it:2.27; casumo:2.04; leovegas_se:2.04; leovegas:2.04; grosvenor:2.04; tabtouch:2.04; unibet_se:2.04; unibet:2.04,0.000597,11,0.028661,0.027077,0.000289,11,0.019756,0.018811
Tondela vs Casa Pia,2025-12-21 13:00:00,Primeira Liga,Goles (Over/Under),Under 2.5,1.65,tipico_de,13,0.3911,0.0977,3.7,6.06,1.5523,tipico_de:1.65; nordicbet:1.62; betsson:1.62; williamhill:1.62; betmgm:1.61; unibet:1.51; unibet_se:1.51; grosvenor:1.51; tabtouch:1.51; unibet_nl:1.51; casumo:1.51; leovegas_se:1.5; leovegas:1.5,0.000428,13,0.023396,0.022509,0.000183,13,0.015660,0.015128
AVS Futebol SAD vs Nacional,2025-12-21 10:30:00,Primeira Liga,Goles (Over/Under),Under 2.5,1.67,tipico_de,14,0.2848,0.085,3.77,6.39,1.585,tipico_de:1.67; williamhill:1.67; coolbet:1.66; nordicbet:1.65; betsson:1.65; betmgm:1.61; unibet:1.54; unibet_se:1.54; grosvenor:1.54; tabtouch:1.54; casumo:1.54; unibet_nl:1.54; leovegas_se:1.53; leovegas:1.51,0.000427,14,0.023499,0.022507,0.000197,14,0.016306,0.015911
TSV Havelse vs Alemannia Aachen,2025-12-21 07:30:00,3. Liga,Goles (Over/Under),Under 3.0,1.86,pinnacle,3,0.4988,0.1033,4.22,4.27,1.7567,pinnacle:1.86; coolbet:1.72; bovada:1.69,0.000403,3,0.023443,0.021743,0.000180,3,0.015758,0.013439
Mantova vs Empoli,2025-12-21 11:15:00,Serie B,Goles (Over/Under),Under 2.5,1.86,pinnacle,17,1.1852,0.1324,4.06,3.51,1.7276,pinnacle:1.86; tipico_de:1.83; codere_it:1.81; bovada:1.8; coolbet:1.8; betsson:1.75; nordicbet:1.75; williamhill:1.75; betmgm:1.74; unibet_nl:1.66; grosvenor:1.66; unibet_se:1.66; leovegas_se:1.66; casumo:1.66; leovegas:1.66; unibet:1.66; tabtouch:1.66,0.000397,17,0.023184,0.021315,0.000200,17,0.016585,0.015661
Galatasaray vs Kasimpasa SK,2025-12-21 12:00:00,Super League,Goles (Over/Under),Under 3.5,1.95,tipico_de,16,-0.0077,0.1412,3.9,7.78,1.8088,tipico_de:1.95; pinnacle:1.93; bovada:1.91; coolbet:1.89; betmgm:1.83; betsson:1.81; nordicbet:1.81; codere_it:1.81; tabtouch:1.75; grosvenor:1.75; leovegas_se:1.75; unibet_se:1.75; unibet_nl:1.75; casumo:1.75; leovegas:1.75; unibet:1.75,0.000319,16,0.020948,0.017744,0.000130,16,0.013416,0.010557
Málaga vs Almería,2025-12-21 08:00:00,La Liga 2,Goles (Over/Under),Under 2.5,1.89,pinnacle,17,1.7354,0.1318,3.72,2.91,1.7582,pinnacle:1.89; bovada:1.87; tipico_de:1.83; betsson:1.8; nordicbet:1.8; williamhill:1.8; coolbet:1.8; codere_it:1.78; betmgm:1.74; casumo:1.7; grosvenor:1.7; tabtouch:1.7; unibet:1.7; unibet_nl:1.7; leovegas:1.7; unibet_se:1.7; leovegas_se:1.68,0.000318,17,0.020799,0.019044,0.000128,17,0.013306,0.012356
AEK Athens vs OFI Crete,2025-12-21 14:00:00,Super League,Goles (Over/Under),Over 3.5,2.23,nordicbet,5,0.4272,0.078,3.9,5.08,2.152,nordicbet:2.23; betsson:2.23; codere_it:2.15; betmgm:2.15; tipico_de:2.0,0.000257,5,0.018832,0.013833,0.000121,5,0.012852,0.010239
Hearts vs Rangers,2025-12-21 08:30:00,Premiership,Goles (Over/Under),Under 2.5,1.98,pinnacle,17,1.8392,0.1441,3.4,2.86,1.8359,pinnacle:1.98; bovada:1.91; tipico_de:1.9; coolbet:1.9; nordicbet:1.88; betsson:1.88; williamhill:1.85; betmgm:1.85; codere_it:1.84; unibet_se:1.78; tabtouch:1.78; casumo:1.78; unibet_nl:1.78; leovegas:1.78; grosvenor:1.78; unibet:1.78; leovegas_se:1.76,0.000241,17,0.018229,0.016262,0.000084,17,0.010775,0.010290
TSV Havelse vs Alemannia Aachen,2025-12-21 07:30:00,3. Liga,Goles (Over/Under),Over 2.5,1.71,leovegas_se,12,-0.1045,0.0325,2.75,11.39,1.6775,leovegas_se:1.71; unibet:1.71; unibet_nl:1.71; casumo:1.71; leovegas:1.71; unibet_se:1.71; tabtouch:1.71; grosvenor:1.71; nordicbet:1.62; betsson:1.62; codere_it:1.61; tipico_de:1.6,0.000212,12,0.016778,0.015723,0.000420,12,0.023989,0.022132
FC Viktoria Köln 1904 vs MSV Duisburg,2025-12-21 13:30:00,3. Liga,Goles (Over/Under),Over 2.5,1.89,unibet,14,-0.1149,0.055,2.97,11.05,1.835,unibet:1.89; unibet_nl:1.88; leovegas_se:1.88; unibet_se:1.88; tabtouch:1.88; grosvenor:1.88; leovegas:1.88; casumo:1.88; bovada:1.8; betsson:1.78; nordicbet:1.78; coolbet:1.77; codere_it:1.76; tipico_de:1.75,0.000196,14,0.016386,0.015866,0.000388,14,0.023180,0.022448
Mantova vs Empoli,2025-12-21 11:15:00,Serie B,Goles (Over/Under),Over 2.5,2.07,unibet_nl,17,-0.1029,0.0559,3.11,8.55,2.0141,unibet_nl:2.07; grosvenor:2.07; unibet_se:2.07; leovegas_se:2.07; casumo:2.07; leovegas:2.07; unibet:2.07; tabtouch:2.07; bovada:2.05; pinnacle:2.01; coolbet:1.98; codere_it:1.97; betsson:1.95; nordicbet:1.95; betmgm:1.95; williamhill:1.95; tipico_de:1.87,0.000180,17,0.015787,0.014157,0.000200,17,0.016585,0.015661
Santa Clara vs Arouca,2025-12-21 15:30:00,Primeira Liga,Goles (Over/Under),Over 2.5,2.38,williamhill,13,0.3308,0.1423,3.5,6.53,2.2377,williamhill:2.38; betmgm:2.35; betsson:2.32; nordicbet:2.32; tipico_de:2.3; unibet:2.18; unibet_nl:2.18; unibet_se:2.18; grosvenor:2.18; casumo:2.18; leovegas_se:2.18; tabtouch:2.18; leovegas:2.16,0.000172,13,0.015325,0.014550,0.000072,13,0.009810,0.008875
Cádiz CF vs CD Castellón,2025-12-21 15:00:00,La Liga 2,Goles (Over/Under),Under 2.5,1.88,pinnacle,16,1.1486,0.1069,2.76,3.7,1.7731,pinnacle:1.88; bovada:1.87; tipico_de:1.83; nordicbet:1.8; betsson:1.8; coolbet:1.8; williamhill:1.75; unibet:1.74; unibet_se:1.74; grosvenor:1.74; unibet_nl:1.74; casumo:1.74; leovegas:1.74; tabtouch:1.74; betmgm:1.74; leovegas_se:1.72,0.000168,16,0.015165,0.013322,0.000049,16,0.008275,0.007246
1. FC Heidenheim vs Bayern Munich,2025-12-21 11:30:00,Bundesliga,Goles (Over/Under),Under 3.5,2.33,leovegas_se,11,0.2823,0.0745,3.23,5.42,2.2555,leovegas_se:2.33; grosvenor:2.32; tabtouch:2.3; unibet_nl:2.3; unibet_se:2.3; casumo:2.3; leovegas:2.28; betsson:2.22; nordicbet:2.22; codere_it:2.14; betmgm:2.1,0.000160,11,0.014827,0.012544,0.000106,11,0.011983,0.011017
1. FC Nürnberg vs Hannover 96,2025-12-21 07:30:00,Bundesliga 2,Goles (Over/Under),Under 2.5,2.3,tipico_de,14,0.3846,0.145,3.12,5.98,2.155,tipico_de:2.3; codere_it:2.23; nordicbet:2.22; betsson:2.22; betmgm:2.2; williamhill:2.2; unibet:2.1; leovegas_se:2.1; leovegas:2.1; tabtouch:2.1; unibet_nl:2.1; unibet_se:2.1; casumo:2.1; grosvenor:2.1,0.000147,14,0.014212,0.013383,0.000095,14,0.011367,0.010935
Granada CF vs Albacete,2025-12-21 12:30:00,La Liga 2,Goles (Over/Under),Over 2.5,2.06,coolbet,15,0.4343,0.1053,2.82,6.01,1.9547,coolbet:2.06; betsson:2.02; nordicbet:2.02; codere_it:2.0; williamhill:2.0; betmgm:2.0; tipico_de:1.97; unibet:1.91; unibet_se:1.91; casumo:1.91; tabtouch:1.91; unibet_nl:1.91; leovegas:1.91; grosvenor:1.91; leovegas_se:1.88,0.000147,15,0.014291,0.013446,0.000085,15,0.010844,0.010465
AVS Futebol SAD vs Nacional,2025-12-21 10:30:00,Primeira Liga,Goles (Over/Under),Over 2.5,2.28,unibet,14,-0.066,0.0571,3.05,8.79,2.2229,unibet:2.28; unibet_se:2.28; grosvenor:2.28; tabtouch:2.28; casumo:2.28; unibet_nl:2.28; leovegas_se:2.28; leovegas:2.28; coolbet:2.19; tipico_de:2.15; betmgm:2.15; williamhill:2.15; nordicbet:2.12; betsson:2.12,0.000141,14,0.013913,0.013370,0.000197,14,0.016306,0.015911
Sint Truiden vs KV Mechelen,2025-12-21 10:00:00,Belgium First Div,Goles (Over/Under),Over 3.0,2.15,bovada,2,0.2084,0.06,2.87,4.99,2.09,bovada:2.15; coolbet:2.03,0.000137,2,0.013747,0.013747,0.000053,2,0.008551,0.008551
Go Ahead Eagles vs Groningen,2025-12-21 08:30:00,Eredivisie,Goles (Over/Under),Over 2.5,1.72,betsson,15,0.0992,0.0633,2.23,6.45,1.6567,betsson:1.72; nordicbet:1.72; coolbet:1.71; betmgm:1.69; williamhill:1.67; tipico_de:1.67; codere_it:1.66; unibet_se:1.63; casumo:1.63; grosvenor:1.63; leovegas:1.63; unibet_nl:1.63; unibet:1.63; tabtouch:1.63; leovegas_se:1.6,0.000134,15,0.013343,0.011749,0.000103,15,0.011835,0.011155
1. FC Heidenheim vs Bayern Munich,2025-12-21 11:30:00,Bundesliga,Goles (Over/Under),Over 3.5,1.65,betmgm,11,-0.1555,0.0509,2.12,8.23,1.5991,betmgm:1.65; betsson:1.65; nordicbet:1.65; codere_it:1.6; grosvenor:1.6; leovegas_se:1.6; tabtouch:1.57; unibet_nl:1.57; unibet_se:1.57; casumo:1.57; leovegas:1.56,0.000132,11,0.013139,0.011023,0.000106,11,0.011983,0.011017
Villarreal vs Barcelona,2025-12-21 10:15:00,La Liga,Goles (Over/Under),Under 3.5,2.25,leovegas_se,13,0.1458,0.0662,2.86,5.42,2.1838,leovegas_se:2.25; casumo:2.23; unibet_se:2.23; unibet:2.23; tabtouch:2.23; grosvenor:2.23; unibet_nl:2.23; leovegas:2.2; codere_it:2.17; betsson:2.12; nordicbet:2.12; tipico_de:2.1; betmgm:2.05,0.000131,13,0.013435,0.011810,0.000096,13,0.011424,0.010931
FC Lugano vs BSC Young Boys,2025-12-21 10:30:00,Swiss Superleague,Goles (Over/Under),Under 2.5,2.25,williamhill,14,0.2464,0.0964,2.93,6.94,2.1536,williamhill:2.25; tipico_de:2.25; nordicbet:2.22; betsson:2.22; codere_it:2.21; betmgm:2.2; unibet:2.1; leovegas_se:2.1; unibet_se:2.1; casumo:2.1; leovegas:2.1; unibet_nl:2.1; tabtouch:2.1; grosvenor:2.1,0.000131,14,0.013457,0.013087,0.000079,14,0.010354,0.010218
Go Ahead Eagles vs Groningen,2025-12-21 08:30:00,Eredivisie,Goles (Over/Under),Under 2.5,2.2,unibet_se,15,0.0426,0.0567,2.82,6.8,2.1433,unibet_se:2.2; casumo:2.2; grosvenor:2.2; leovegas:2.2; unibet_nl:2.2; unibet:2.2; tabtouch:2.2; leovegas_se:2.16; tipico_de:2.15; williamhill:2.1; coolbet:2.1; betsson:2.07; nordicbet:2.07; codere_it:2.05; betmgm:2.05,0.000128,15,0.013312,0.012339,0.000103,15,0.011835,0.011155
PAOK Thessaloniki vs Panathinaikos,2025-12-21 12:30:00,Super League,Goles (Over/Under),Under 2.5,1.76,nordicbet,16,0.4737,0.0575,2.25,5.13,1.7025,nordicbet:1.76; betsson:1.76; coolbet:1.76; bovada:1.75; williamhill:1.75; tipico_de:1.72; codere_it:1.69; betmgm:1.69; leovegas_se:1.67; unibet:1.67; unibet_nl:1.67; leovegas:1.67; unibet_se:1.67; tabtouch:1.67; casumo:1.67; grosvenor:1.67,0.000127,16,0.013064,0.012149,0.000033,16,0.006745,0.006146
AEK Athens vs OFI Crete,2025-12-21 14:00:00,Super League,Goles (Over/Under),Under 3.5,1.7,tipico_de,5,-0.178,0.052,2.12,8.82,1.648,tipico_de:1.7; nordicbet:1.66; betsson:1.66; betmgm:1.62; codere_it:1.6,0.000125,5,0.012837,0.011259,0.000121,5,0.012852,0.010239
Feyenoord vs FC Twente Enschede,2025-12-21 08:30:00,Eredivisie,Goles (Over/Under),Under 3.5,1.6,tipico_de,3,0.0805,0.0433,1.99,7.95,1.5567,tipico_de:1.6; codere_it:1.54; betmgm:1.53,0.000124,3,0.012599,0.011766,0.000064,3,0.009260,0.008540
Tondela vs Casa Pia,2025-12-21 13:00:00,Primeira Liga,Goles (Over/Under),Over 2.5,2.33,unibet,13,-0.0777,0.0515,2.88,9.14,2.2785,unibet:2.33; unibet_se:2.33; grosvenor:2.33; tabtouch:2.33; unibet_nl:2.33; leovegas_se:2.33; casumo:2.33; leovegas:2.32; nordicbet:2.22; betsson:2.22; tipico_de:2.2; williamhill:2.2; betmgm:2.15,0.000122,13,0.012904,0.012121,0.000183,13,0.015660,0.015128
Villarreal vs Barcelona,2025-12-21 10:15:00,La Liga,Goles (Over/Under),Over 3.5,1.73,codere_it,13,0.5964,0.0731,2.11,3.89,1.6569,codere_it:1.73; betsson:1.7; nordicbet:1.7; betmgm:1.69; tipico_de:1.67; leovegas_se:1.64; grosvenor:1.64; casumo:1.63; unibet_se:1.63; unibet:1.63; tabtouch:1.63; unibet_nl:1.63; leovegas:1.62,0.000118,13,0.012534,0.011375,0.000096,13,0.011424,0.010931
TSG Hoffenheim II vs Wehen Wiesbaden,2025-12-21 10:30:00,3. Liga,Goles (Over/Under),Over 2.5,1.61,casumo,11,-0.1087,0.0227,1.9,11.13,1.5873,casumo:1.61; leovegas_se:1.61; leovegas:1.61; grosvenor:1.61; tabtouch:1.61; unibet_se:1.61; unibet:1.61; tipico_de:1.55; betsson:1.55; nordicbet:1.55; codere_it:1.54,0.000114,11,0.012119,0.011612,0.000289,11,0.019756,0.018811
TSV Havelse vs Alemannia Aachen,2025-12-21 07:30:00,3. Liga,Goles (Over/Under),Over 3.0,2.1,bovada,3,-0.0574,0.0733,2.59,6.79,2.0267,bovada:2.1; coolbet:2.0; pinnacle:1.98,0.000114,3,0.012584,0.011704,0.000180,3,0.015758,0.013439
Fiorentina vs Udinese,2025-12-21 12:00:00,Serie A,Goles (Over/Under),Over 2.25,1.94,pinnacle,2,0.2395,0.045,2.37,3.09,1.895,pinnacle:1.94; bovada:1.85,0.000114,2,0.012538,0.012538,0.000052,2,0.008486,0.008486
Real Betis vs Getafe,2025-12-21 15:00:00,La Liga,Goles (Over/Under),Under 2.0,2.15,coolbet,3,0.1462,0.0733,2.62,3.01,2.0767,coolbet:2.15; pinnacle:2.06; bovada:2.02,0.000113,3,0.012478,0.011168,0.000074,3,0.010101,0.009487
Royal Antwerp vs Anderlecht,2025-12-21 12:30:00,Belgium First Div,Goles (Over/Under),Under 2.5,1.88,pinnacle,16,0.9971,0.075,2.26,3.44,1.805,pinnacle:1.88; bovada:1.87; coolbet:1.85; tipico_de:1.85; nordicbet:1.83; betsson:1.83; betmgm:1.8; unibet:1.79; unibet_nl:1.79; casumo:1.79; grosvenor:1.79; unibet_se:1.79; tabtouch:1.77; leovegas:1.75; leovegas_se:1.75; williamhill:1.75,0.000113,16,0.012439,0.010642,0.000039,16,0.007340,0.006858
Málaga vs Almería,2025-12-21 08:00:00,La Liga 2,Goles (Over/Under),Over 2.5,2.0,pinnacle,17,1.7354,0.0382,2.36,2.91,1.9618,pinnacle:2.0; casumo:2.0; grosvenor:2.0; tabtouch:2.0; unibet:2.0; unibet_nl:2.0; leovegas:2.0; unibet_se:2.0; coolbet:1.98; leovegas_se:1.97; williamhill:1.95; bovada:1.95; betmgm:1.95; betsson:1.9; codere_it:1.9; nordicbet:1.9; tipico_de:1.85,0.000110,17,0.012332,0.010317,0.000128,17,0.013306,0.012356
Burgos CF vs Zaragoza,2025-12-21 12:30:00,La Liga 2,Goles (Over/Under),Over 1.5,1.57,betmgm,13,-0.0033,0.0515,1.79,9.15,1.5185,betmgm:1.57; codere_it:1.56; betsson:1.55; nordicbet:1.55; tipico_de:1.52; unibet:1.5; casumo:1.5; tabtouch:1.5; unibet_se:1.5; grosvenor:1.5; unibet_nl:1.5; leovegas:1.5; leovegas_se:1.49,0.000107,13,0.011609,0.010409,0.000075,13,0.010013,0.009022
FC Lausanne-Sport vs FC Luzern,2025-12-21 08:00:00,Swiss Superleague,Goles (Over/Under),Under 3.5,1.61,codere_it,5,0.3442,0.04,1.85,6.16,1.57,codere_it:1.61; tipico_de:1.6; betsson:1.55; nordicbet:1.55; betmgm:1.54,0.000106,5,0.011678,0.011279,0.000023,5,0.005582,0.005101
Galatasaray vs Kasimpasa SK,2025-12-21 12:00:00,Super League,Goles (Over/Under),Over 3.5,1.95,coolbet,16,0.8425,0.0388,2.12,4.19,1.9112,coolbet:1.95; tabtouch:1.93; grosvenor:1.93; leovegas_se:1.93; unibet_se:1.93; unibet_nl:1.93; casumo:1.93; leovegas:1.93; unibet:1.93; pinnacle:1.92; betsson:1.91; nordicbet:1.91; bovada:1.91; codere_it:1.9; betmgm:1.87; tipico_de:1.77,0.000100,16,0.011742,0.006991,0.000130,16,0.013416,0.010557
Fiorentina vs Udinese,2025-12-21 12:00:00,Serie A,Goles (Over/Under),Over 2.5,2.2,leovegas_se,14,0.3032,0.0643,2.47,4.98,2.1357,leovegas_se:2.2; coolbet:2.2; grosvenor:2.18; tabtouch:2.17; unibet_se:2.17; unibet_nl:2.17; casumo:2.17; leovegas:2.15; betsson:2.12; nordicbet:2.12; tipico_de:2.1; codere_it:2.05; williamhill:2.05; betmgm:2.05,0.000100,14,0.011740,0.010271,0.000039,14,0.007339,0.006621
Celtic vs Aberdeen,2025-12-21 10:00:00,Premiership,Goles (Over/Under),Under 2.5,2.6,williamhill,9,0.1504,0.1956,2.88,7.91,2.4044,williamhill:2.6; unibet_nl:2.38; leovegas_se:2.38; unibet_se:2.38; leovegas:2.38; grosvenor:2.38; unibet:2.38; tabtouch:2.38; casumo:2.38,0.000094,9,0.011173,0.007023,0.000061,9,0.008911,0.005566
Genoa vs Atalanta BC,2025-12-21 14:45:00,Serie A,Goles (Over/Under),Over 2.5,2.14,coolbet,14,1.2852,0.0771,2.29,2.91,2.0629,coolbet:2.14; grosvenor:2.1; leovegas_se:2.1; betsson:2.08; nordicbet:2.08; unibet_nl:2.08; tabtouch:2.08; unibet_se:2.08; casumo:2.08; leovegas:2.06; tipico_de:2.05; codere_it:2.0; betmgm:2.0; williamhill:1.95,0.000093,14,0.011365,0.008705,0.000025,14,0.005851,0.004168
Virtus Entella vs Südtirol,2025-12-21 09:00:00,Serie B,Goles (Over/Under),Under 2.5,1.65,codere_it,14,0.4359,0.07,1.77,5.85,1.58,codere_it:1.65; williamhill:1.62; betsson:1.6; nordicbet:1.6; tipico_de:1.6; betmgm:1.57; unibet:1.56; grosvenor:1.56; leovegas:1.56; tabtouch:1.56; casumo:1.56; leovegas_se:1.56; unibet_nl:1.56; unibet_se:1.56,0.000093,14,0.011005,0.009598,0.000023,14,0.005527,0.005020
Goztepe vs Samsunspor,2025-12-21 12:00:00,Super League,Goles (Over/Under),Over 2.5,2.19,coolbet,13,0.378,0.1054,2.39,5.9,2.0846,coolbet:2.19; nordicbet:2.16; betsson:2.16; betmgm:2.1; codere_it:2.09; unibet:2.05; tabtouch:2.05; unibet_se:2.05; casumo:2.05; grosvenor:2.05; leovegas_se:2.05; unibet_nl:2.05; leovegas:2.05,0.000091,13,0.011202,0.009640,0.000034,13,0.006856,0.006267
1. FC Nürnberg vs Hannover 96,2025-12-21 07:30:00,Bundesliga 2,Goles (Over/Under),Over 2.5,1.64,unibet,14,-0.0361,0.0221,1.72,8.59,1.6179,unibet:1.64; leovegas_se:1.64; leovegas:1.64; tabtouch:1.64; unibet_nl:1.64; unibet_se:1.64; casumo:1.64; grosvenor:1.64; williamhill:1.62; tipico_de:1.6; nordicbet:1.58; betsson:1.58; codere_it:1.58; betmgm:1.57,0.000089,14,0.010750,0.009892,0.000095,14,0.011367,0.010935
AEK Athens vs OFI Crete,2025-12-21 14:00:00,Super League,Goles (Over/Under),Over 2.5,1.52,unibet,9,0.0482,0.0167,1.5,8.71,1.5033,unibet:1.52; unibet_nl:1.51; leovegas_se:1.51; casumo:1.51; unibet_se:1.51; grosvenor:1.51; leovegas:1.51; tabtouch:1.51; williamhill:1.44,0.000089,9,0.010378,0.006467,0.000059,9,0.008796,0.005520
Celtic vs Aberdeen,2025-12-21 10:00:00,Premiership,Goles (Over/Under),Over 3.5,2.18,betsson,5,0.0934,0.042,2.24,7.6,2.138,betsson:2.18; nordicbet:2.18; betmgm:2.15; codere_it:2.13; tipico_de:2.05,0.000083,5,0.010725,0.008542,0.000054,5,0.008578,0.006752
Granada CF vs Albacete,2025-12-21 12:30:00,La Liga 2,Goles (Over/Under),Under 2.5,1.77,unibet,15,-0.026,0.028,1.82,8.85,1.742,unibet:1.77; unibet_se:1.77; casumo:1.77; tabtouch:1.77; unibet_nl:1.77; leovegas:1.77; grosvenor:1.77; leovegas_se:1.75; williamhill:1.75; coolbet:1.74; tipico_de:1.72; betsson:1.7; nordicbet:1.7; codere_it:1.69; betmgm:1.69,0.000082,15,0.010555,0.009406,0.000085,15,0.010844,0.010465
Burgos CF vs Zaragoza,2025-12-21 12:30:00,La Liga 2,Goles (Over/Under),Under 1.5,2.35,unibet,13,-0.0108,0.0362,2.39,9.22,2.3138,unibet:2.35; casumo:2.35; tabtouch:2.35; unibet_se:2.35; grosvenor:2.35; unibet_nl:2.35; leovegas:2.35; leovegas_se:2.35; tipico_de:2.35; betsson:2.25; nordicbet:2.25; codere_it:2.23; betmgm:2.2,0.000082,13,0.010605,0.009558,0.000075,13,0.010013,0.009022
Leuven vs Cercle Brugge KSV,2025-12-21 13:15:00,Belgium First Div,Goles (Over/Under),Over 2.5,1.86,pinnacle,15,1.0245,0.0667,1.9,3.27,1.7933,pinnacle:1.86; nordicbet:1.83; betsson:1.83; bovada:1.83; unibet:1.8; grosvenor:1.8; unibet_nl:1.8; casumo:1.8; unibet_se:1.8; tabtouch:1.78; tipico_de:1.77; leovegas_se:1.76; leovegas:1.76; coolbet:1.74; betmgm:1.74,0.000082,15,0.010562,0.008751,0.000024,15,0.005811,0.004074
AEL vs Atromitos Athens,2025-12-21 10:30:00,Super League,Goles (Over/Under),Over 2.5,2.3,williamhill,12,0.219,0.1075,2.2,7.17,2.1925,williamhill:2.3; tipico_de:2.25; betmgm:2.25; codere_it:2.23; grosvenor:2.16; unibet:2.16; unibet_se:2.16; unibet_nl:2.16; casumo:2.16; leovegas:2.16; tabtouch:2.16; leovegas_se:2.16,0.000070,12,0.009837,0.008861,0.000053,12,0.008426,0.007845
TSG Hoffenheim II vs Wehen Wiesbaden,2025-12-21 10:30:00,3. Liga,Goles (Over/Under),Over 3.0,1.87,pinnacle,3,0.3929,0.0233,1.79,4.76,1.8467,pinnacle:1.87; bovada:1.87; coolbet:1.8,0.000070,3,0.009803,0.009243,0.000024,3,0.005788,0.005330
Cagliari vs Pisa,2025-12-21 06:30:00,Serie A,Goles (Over/Under),Over 2.0,1.88,coolbet,3,0.1463,0.0367,1.79,2.94,1.8433,coolbet:1.88; pinnacle:1.85; bovada:1.8,0.000069,3,0.009768,0.008590,0.000030,3,0.006452,0.005487
Alanyaspor vs Fatih Karagümrük,2025-12-21 06:30:00,Super League,Goles (Over/Under),Over 2.5,1.92,pinnacle,16,1.6972,0.0906,1.84,2.84,1.8294,pinnacle:1.92; bovada:1.89; coolbet:1.87; tipico_de:1.85; betmgm:1.83; unibet:1.81; unibet_nl:1.81; leovegas:1.81; grosvenor:1.81; casumo:1.81; unibet_se:1.81; leovegas_se:1.81; tabtouch:1.81; betsson:1.81; nordicbet:1.81; codere_it:1.81,0.000069,16,0.009771,0.007799,0.000004,16,0.002443,0.001620
Aston Villa vs Manchester United,2025-12-21 11:30:00,EPL,Goles (Over/Under),Over 2.5,1.66,leovegas_se,14,0.2026,0.03,1.54,4.69,1.63,leovegas_se:1.66; leovegas:1.66; unibet_se:1.65; casumo:1.65; tabtouch:1.65; grosvenor:1.65; unibet_nl:1.65; codere_it:1.64; betmgm:1.61; mybookieag:1.6; williamhill:1.6; tipico_de:1.6; nordicbet:1.6; betsson:1.6,0.000068,14,0.009471,0.009180,0.000039,14,0.007212,0.006408
Real Sociedad B vs AD Ceuta FC,2025-12-21 10:15:00,La Liga 2,Goles (Over/Under),Under 2.5,1.62,williamhill,13,0.3728,0.0438,1.48,6.17,1.5762,williamhill:1.62; nordicbet:1.6; betsson:1.6; codere_it:1.6; tipico_de:1.6; betmgm:1.57; unibet:1.56; unibet_se:1.56; casumo:1.56; tabtouch:1.56; grosvenor:1.56; leovegas:1.56; leovegas_se:1.54,0.000068,13,0.009361,0.008568,0.000032,13,0.006518,0.006086
FC Utrecht vs PSV Eindhoven,2025-12-21 06:15:00,Eredivisie,Goles (Over/Under),Over 3.5,2.26,betsson,13,0.0881,0.0515,2.09,6.36,2.2085,betsson:2.26; nordicbet:2.26; casumo:2.23; leovegas:2.23; grosvenor:2.23; unibet_nl:2.23; tabtouch:2.23; unibet_se:2.23; unibet:2.23; leovegas_se:2.17; codere_it:2.16; betmgm:2.15; tipico_de:2.1,0.000068,13,0.009659,0.008166,0.000030,13,0.006350,0.003835
Girona vs Atlético Madrid,2025-12-21 08:00:00,La Liga,Goles (Over/Under),Under 2.5,2.12,coolbet,15,1.0263,0.084,2.0,3.04,2.036,coolbet:2.12; codere_it:2.1; betsson:2.08; nordicbet:2.08; tipico_de:2.05; williamhill:2.05; leovegas_se:2.04; grosvenor:2.02; unibet_nl:2.0; unibet_se:2.0; unibet:2.0; tabtouch:2.0; leovegas:2.0; casumo:2.0; betmgm:2.0,0.000068,15,0.009674,0.008564,0.000026,15,0.006024,0.005504
SC Preußen Münster vs Elversberg,2025-12-21 07:30:00,Bundesliga 2,Goles (Over/Under),Under 2.5,2.18,bovada,15,0.7,0.1127,2.07,4.7,2.0673,bovada:2.18; tipico_de:2.15; williamhill:2.1; betsson:2.08; nordicbet:2.08; codere_it:2.05; betmgm:2.05; unibet:2.04; leovegas_se:2.04; leovegas:2.04; unibet_nl:2.04; tabtouch:2.04; casumo:2.04; unibet_se:2.04; grosvenor:2.04,0.000068,15,0.009708,0.007736,0.000017,15,0.004817,0.003883
FC Lugano vs BSC Young Boys,2025-12-21 10:30:00,Swiss Superleague,Goles (Over/Under),Over 2.5,1.63,unibet,14,-0.0357,0.0214,1.48,8.97,1.6086,unibet:1.63; unibet_se:1.63; casumo:1.63; leovegas:1.63; unibet_nl:1.63; tabtouch:1.63; grosvenor:1.63; leovegas_se:1.61; williamhill:1.6; tipico_de:1.6; nordicbet:1.58; betsson:1.58; codere_it:1.57; betmgm:1.57,0.000066,14,0.009293,0.008409,0.000079,14,0.010354,0.010218
Feyenoord vs FC Twente Enschede,2025-12-21 08:30:00,Eredivisie,Goles (Over/Under),Over 3.0,1.93,pinnacle,3,0.5795,0.0333,1.79,2.83,1.8967,pinnacle:1.93; bovada:1.91; coolbet:1.85,0.000066,3,0.009544,0.008752,0.000014,3,0.004373,0.003846
AEK Athens vs OFI Crete,2025-12-21 14:00:00,Super League,Goles (Over/Under),Under 2.5,2.5,williamhill,9,-0.0328,0.1511,2.27,9.44,2.3489,williamhill:2.5; unibet_nl:2.33; leovegas_se:2.33; casumo:2.33; unibet_se:2.33; grosvenor:2.33; leovegas:2.33; unibet:2.33; tabtouch:2.33,0.000063,9,0.009172,0.005765,0.000059,9,0.008796,0.005520
Sint Truiden vs KV Mechelen,2025-12-21 10:00:00,Belgium First Div,Goles (Over/Under),Over 2.5,1.68,nordicbet,13,0.0819,0.0423,1.5,6.47,1.6377,nordicbet:1.68; betsson:1.68; williamhill:1.65; tipico_de:1.65; unibet:1.64; unibet_se:1.64; unibet_nl:1.64; grosvenor:1.64; casumo:1.64; tabtouch:1.62; betmgm:1.61; leovegas_se:1.6; leovegas:1.6,0.000063,13,0.009142,0.006984,0.000023,13,0.005567,0.004369
AEL vs Atromitos Athens,2025-12-21 10:30:00,Super League,Goles (Over/Under),Under 2.5,1.6,grosvenor,12,-0.0068,0.015,1.4,8.8,1.585,grosvenor:1.6; unibet:1.6; unibet_se:1.6; unibet_nl:1.6; casumo:1.6; leovegas:1.6; tabtouch:1.6; leovegas_se:1.6; williamhill:1.57; codere_it:1.56; tipico_de:1.55; betmgm:1.54,0.000062,12,0.008949,0.008053,0.000053,12,0.008426,0.007845
Eintracht Braunschweig vs FC Schalke 04,2025-12-21 07:30:00,Bundesliga 2,Goles (Over/Under),Under 2.5,1.78,bovada,16,0.8991,0.0594,1.58,4.26,1.7206,bovada:1.78; tipico_de:1.77; coolbet:1.76; williamhill:1.75; nordicbet:1.72; betsson:1.72; codere_it:1.72; betmgm:1.71; unibet:1.7; leovegas_se:1.7; unibet_nl:1.7; leovegas:1.7; tabtouch:1.7; unibet_se:1.7; casumo:1.7; grosvenor:1.7,0.000061,16,0.009061,0.007366,0.000008,16,0.003372,0.003049
Real Betis vs Getafe,2025-12-21 15:00:00,La Liga,Goles (Over/Under),Over 2.0,1.84,pinnacle,3,0.1938,0.03,1.63,2.89,1.81,pinnacle:1.84; bovada:1.82; coolbet:1.77,0.000060,3,0.009059,0.008225,0.000074,3,0.010101,0.009487
TSG Hoffenheim II vs Wehen Wiesbaden,2025-12-21 10:30:00,3. Liga,Goles (Over/Under),Under 3.0,1.95,pinnacle,3,0.3929,0.0433,1.73,4.76,1.9067,pinnacle:1.95; coolbet:1.9; bovada:1.87,0.000059,3,0.009035,0.007874,0.000024,3,0.005788,0.005330
Celtic vs Aberdeen,2025-12-21 10:00:00,Premiership,Goles (Over/Under),Over 3.25,2.0,pinnacle,2,0.4713,0.035,1.78,3.48,1.965,pinnacle:2.0; bovada:1.93,0.000059,2,0.009067,0.009067,0.000001,2,0.001065,0.001065
Aston Villa vs Manchester United,2025-12-21 11:30:00,EPL,Goles (Over/Under),Under 2.5,2.35,nordicbet,14,0.1168,0.0907,2.04,5.05,2.2593,nordicbet:2.35; betsson:2.35; codere_it:2.33; mybookieag:2.25; williamhill:2.25; tipico_de:2.25; leovegas_se:2.25; leovegas:2.25; unibet_se:2.23; casumo:2.23; tabtouch:2.23; grosvenor:2.23; unibet_nl:2.23; betmgm:2.2,0.000057,14,0.008831,0.006878,0.000039,14,0.007212,0.006408
FC Volendam vs Sparta Rotterdam,2025-12-21 10:45:00,Eredivisie,Goles (Over/Under),Over 2.5,1.6,tabtouch,13,0.1054,0.0162,1.35,5.98,1.5838,tabtouch:1.6; grosvenor:1.6; casumo:1.6; unibet_se:1.6; unibet_nl:1.6; leovegas:1.6; unibet:1.6; tipico_de:1.6; williamhill:1.57; nordicbet:1.56; betsson:1.56; leovegas_se:1.56; betmgm:1.54,0.000057,13,0.008587,0.007988,0.000014,13,0.004394,0.003486
Royal Antwerp vs Anderlecht,2025-12-21 12:30:00,Belgium First Div,Goles (Over/Under),Over 2.5,1.99,pinnacle,16,0.9971,0.0456,1.69,3.44,1.9444,pinnacle:1.99; unibet:1.98; unibet_nl:1.97; casumo:1.97; grosvenor:1.97; unibet_se:1.97; tabtouch:1.96; williamhill:1.95; bovada:1.95; nordicbet:1.94; betsson:1.94; leovegas:1.93; leovegas_se:1.93; tipico_de:1.9; coolbet:1.89; betmgm:1.87,0.000056,16,0.008797,0.007026,0.000039,16,0.007340,0.006858
Hearts vs Rangers,2025-12-21 08:30:00,Premiership,Goles (Over/Under),Over 2.5,1.91,pinnacle,17,1.8392,0.0435,1.6,2.86,1.8665,pinnacle:1.91; unibet_se:1.89; tabtouch:1.89; casumo:1.89; unibet_nl:1.89; leovegas:1.89; grosvenor:1.89; unibet:1.89; leovegas_se:1.88; coolbet:1.87; williamhill:1.85; nordicbet:1.85; betsson:1.85; codere_it:1.83; betmgm:1.83; bovada:1.83; tipico_de:1.8,0.000055,17,0.008670,0.007665,0.000084,17,0.010775,0.010290
Cádiz CF vs CD Castellón,2025-12-21 15:00:00,La Liga 2,Goles (Over/Under),Over 2.5,2.0,williamhill,16,0.1134,0.0581,1.66,7.14,1.9419,williamhill:2.0; pinnacle:1.98; coolbet:1.98; unibet:1.95; unibet_se:1.95; grosvenor:1.95; unibet_nl:1.95; casumo:1.95; leovegas:1.95; tabtouch:1.95; bovada:1.95; leovegas_se:1.93; betmgm:1.91; nordicbet:1.9; betsson:1.9; tipico_de:1.87,0.000054,16,0.008626,0.006692,0.000049,16,0.008275,0.007246
Celtic vs Aberdeen,2025-12-21 10:00:00,Premiership,Goles (Over/Under),Under 3.5,1.67,tipico_de,5,-0.0404,0.044,1.38,8.66,1.626,tipico_de:1.67; betsson:1.62; nordicbet:1.62; codere_it:1.61; betmgm:1.61,0.000053,5,0.008338,0.006528,0.000054,5,0.008578,0.006752
Fiorentina vs Udinese,2025-12-21 12:00:00,Serie A,Goles (Over/Under),Under 2.5,1.74,coolbet,14,1.215,0.0629,1.43,2.93,1.6771,coolbet:1.74; tipico_de:1.7; williamhill:1.7; betmgm:1.69; betsson:1.68; nordicbet:1.68; leovegas_se:1.68; grosvenor:1.67; codere_it:1.66; tabtouch:1.66; unibet_se:1.66; unibet_nl:1.66; casumo:1.66; leovegas:1.64,0.000053,14,0.008428,0.006571,0.000039,14,0.007339,0.006621
PAOK Thessaloniki vs Panathinaikos,2025-12-21 12:30:00,Super League,Goles (Over/Under),Over 2.5,2.12,bovada,16,0.7541,0.07,1.74,4.31,2.05,bovada:2.12; coolbet:2.08; nordicbet:2.07; betsson:2.07; leovegas_se:2.06; unibet:2.06; unibet_nl:2.06; leovegas:2.06; unibet_se:2.06; tabtouch:2.06; casumo:2.06; grosvenor:2.06; codere_it:2.01; williamhill:2.0; betmgm:2.0; tipico_de:1.97,0.000053,16,0.008595,0.006664,0.000033,16,0.006745,0.006146
FC Lausanne-Sport vs FC Luzern,2025-12-21 08:00:00,Swiss Superleague,Goles (Over/Under),Over 3.0,1.86,pinnacle,3,0.3709,0.04,1.55,3.02,1.82,pinnacle:1.86; coolbet:1.8; bovada:1.8,0.000052,3,0.008448,0.007965,0.000014,3,0.004402,0.003903
Feyenoord vs FC Twente Enschede,2025-12-21 08:30:00,Eredivisie,Goles (Over/Under),Over 3.5,2.3,betmgm,3,-0.0283,0.0433,1.86,8.84,2.2567,betmgm:2.3; codere_it:2.27; tipico_de:2.2,0.000050,3,0.008300,0.007507,0.000064,3,0.009260,0.008540
Sassuolo vs Torino,2025-12-21 09:00:00,Serie A,Goles (Over/Under),Under 2.5,1.72,coolbet,14,1.1779,0.0714,1.37,2.98,1.6486,coolbet:1.72; leovegas_se:1.66; tipico_de:1.65; betsson:1.65; nordicbet:1.65; williamhill:1.65; grosvenor:1.65; betmgm:1.65; unibet_nl:1.64; tabtouch:1.64; unibet_se:1.64; casumo:1.64; codere_it:1.62; leovegas:1.62,0.000050,14,0.008118,0.004773,0.000012,14,0.004039,0.003404
1. FC Nürnberg vs Hannover 96,2025-12-21 07:30:00,Bundesliga 2,Goles (Over/Under),Over 3.0,2.05,pinnacle,3,0.4409,0.0233,1.63,3.13,2.0267,pinnacle:2.05; bovada:2.05; coolbet:1.98,0.000048,3,0.008130,0.007665,0.000009,3,0.003576,0.003141
Celtic vs Aberdeen,2025-12-21 10:00:00,Premiership,Goles (Over/Under),Over 2.5,1.49,unibet_nl,9,-0.0033,0.0078,1.09,9.13,1.4822,unibet_nl:1.49; unibet_se:1.49; leovegas:1.49; grosvenor:1.49; unibet:1.49; tabtouch:1.49; casumo:1.49; leovegas_se:1.47; williamhill:1.44,0.000047,9,0.007524,0.005606,0.000061,9,0.008911,0.005566
Club Brugge vs Gent,2025-12-21 07:30:00,Belgium First Div,Goles (Over/Under),Under 3.5,1.7,tipico_de,13,-0.0618,0.0308,1.3,7.6,1.6692,tipico_de:1.7; unibet:1.68; casumo:1.68; unibet_se:1.68; unibet_nl:1.68; grosvenor:1.68; nordicbet:1.68; betsson:1.68; coolbet:1.68; tabtouch:1.66; leovegas_se:1.64; leovegas:1.64; betmgm:1.62,0.000047,13,0.007874,0.006536,0.000012,13,0.004017,0.002415
Grasshopper Zürich vs FC St Gallen,2025-12-21 10:30:00,Swiss Superleague,Goles (Over/Under),Under 2.5,2.12,coolbet,15,0.6801,0.076,1.67,4.97,2.044,coolbet:2.12; tipico_de:2.1; nordicbet:2.08; betsson:2.08; williamhill:2.05; betmgm:2.05; codere_it:2.04; unibet:2.02; grosvenor:2.02; unibet_se:2.02; casumo:2.02; leovegas:2.02; tabtouch:2.02; unibet_nl:2.02; leovegas_se:2.0,0.000047,15,0.008076,0.006826,0.000007,15,0.003074,0.002927
Sassuolo vs Torino,2025-12-21 09:00:00,Serie A,Goles (Over/Under),Over 2.5,2.23,leovegas_se,14,0.2776,0.0471,1.71,5.08,2.1829,leovegas_se:2.23; coolbet:2.23; tipico_de:2.2; unibet_nl:2.2; tabtouch:2.2; unibet_se:2.2; casumo:2.2; grosvenor:2.2; betsson:2.18; nordicbet:2.18; leovegas:2.18; williamhill:2.15; codere_it:2.11; betmgm:2.1,0.000046,14,0.007977,0.005983,0.000012,14,0.004039,0.003404
Alanyaspor vs Fatih Karagümrük,2025-12-21 06:30:00,Super League,Goles (Over/Under),Under 2.5,1.97,pinnacle,16,1.6972,0.0819,1.54,2.84,1.8881,pinnacle:1.97; bovada:1.93; betsson:1.91; nordicbet:1.91; tipico_de:1.9; coolbet:1.9; unibet:1.87; unibet_nl:1.87; leovegas:1.87; grosvenor:1.87; casumo:1.87; unibet_se:1.87; leovegas_se:1.87; tabtouch:1.87; betmgm:1.87; codere_it:1.86,0.000046,16,0.007957,0.006623,0.000004,16,0.002443,0.001620
Feyenoord vs FC Twente Enschede,2025-12-21 08:30:00,Eredivisie,Goles (Over/Under),Under 2.5,2.45,betsson,11,0.1472,0.0182,1.81,6.18,2.4318,betsson:2.45; nordicbet:2.45; unibet_nl:2.45; grosvenor:2.45; tabtouch:2.45; unibet_se:2.45; casumo:2.45; unibet:2.45; leovegas:2.45; leovegas_se:2.4; williamhill:2.3,0.000045,11,0.007797,0.005225,0.000027,11,0.005967,0.003474
Girona vs Atlético Madrid,2025-12-21 08:00:00,La Liga,Goles (Over/Under),Over 2.5,1.79,coolbet,15,1.0263,0.036,1.36,3.04,1.754,coolbet:1.79; codere_it:1.78; leovegas_se:1.78; grosvenor:1.77; unibet_nl:1.76; unibet_se:1.76; unibet:1.76; tabtouch:1.76; leovegas:1.76; casumo:1.76; tipico_de:1.75; betmgm:1.74; betsson:1.72; nordicbet:1.72; williamhill:1.7,0.000045,15,0.007848,0.006134,0.000026,15,0.006024,0.005504
Santa Clara vs Arouca,2025-12-21 15:30:00,Primeira Liga,Goles (Over/Under),Under 2.0,2.08,pinnacle,3,0.3514,0.0233,1.6,3.33,2.0567,pinnacle:2.08; bovada:2.08; coolbet:2.01,0.000045,3,0.007893,0.007441,0.000009,3,0.003477,0.002862
Leuven vs Cercle Brugge KSV,2025-12-21 13:15:00,Belgium First Div,Goles (Over/Under),Under 2.5,2.02,pinnacle,15,1.0245,0.0527,1.5,3.27,1.9673,pinnacle:2.02; coolbet:2.02; tipico_de:2.0; bovada:2.0; betmgm:1.98; unibet:1.97; grosvenor:1.96; unibet_nl:1.96; casumo:1.96; unibet_se:1.96; tabtouch:1.94; nordicbet:1.94; betsson:1.94; leovegas_se:1.93; leovegas:1.93,0.000041,15,0.007579,0.006364,0.000024,15,0.005811,0.004074
CD Mirandés vs Córdoba,2025-12-21 10:15:00,La Liga 2,Goles (Over/Under),Over 2.5,2.12,coolbet,15,0.4357,0.0887,1.56,5.99,2.0313,coolbet:2.12; nordicbet:2.05; betsson:2.05; williamhill:2.05; betmgm:2.05; codere_it:2.04; unibet_se:2.02; tabtouch:2.02; grosvenor:2.02; unibet:2.02; unibet_nl:2.02; casumo:2.02; leovegas:2.02; leovegas_se:2.0; tipico_de:1.97,0.000041,15,0.007555,0.005509,0.000013,15,0.004232,0.002549
FC Utrecht vs PSV Eindhoven,2025-12-21 06:15:00,Eredivisie,Goles (Over/Under),Under 3.25,1.85,pinnacle,2,0.2686,0.025,1.37,2.83,1.825,pinnacle:1.85; bovada:1.8,0.000041,2,0.007508,0.007508,0.000008,2,0.003413,0.003413
Fortuna Sittard vs AZ Alkmaar,2025-12-21 10:45:00,Eredivisie,Goles (Over/Under),Under 2.5,2.33,unibet,13,0.0938,0.0223,1.65,6.61,2.3077,unibet:2.33; tabtouch:2.33; grosvenor:2.33; casumo:2.33; unibet_nl:2.33; leovegas:2.33; unibet_se:2.33; betsson:2.32; nordicbet:2.32; williamhill:2.3; leovegas_se:2.3; tipico_de:2.25; betmgm:2.2,0.000040,13,0.007382,0.005344,0.000020,13,0.005239,0.003918
FC Utrecht vs PSV Eindhoven,2025-12-21 06:15:00,Eredivisie,Goles (Over/Under),Under 3.5,1.67,tipico_de,13,-0.0773,0.0469,1.17,7.5,1.6231,tipico_de:1.67; casumo:1.63; leovegas:1.63; grosvenor:1.63; unibet_nl:1.63; tabtouch:1.63; unibet_se:1.63; unibet:1.63; betsson:1.61; nordicbet:1.61; betmgm:1.61; leovegas_se:1.6; codere_it:1.59,0.000039,13,0.007157,0.005584,0.000030,13,0.006350,0.003835
Cagliari vs Pisa,2025-12-21 06:30:00,Serie A,Goles (Over/Under),Under 2.5,1.59,codere_it,13,0.6366,0.0354,1.09,3.88,1.5546,codere_it:1.59; williamhill:1.57; unibet_nl:1.56; unibet_se:1.56; tabtouch:1.56; casumo:1.56; grosvenor:1.56; leovegas_se:1.56; nordicbet:1.55; betsson:1.55; leovegas:1.54; betmgm:1.53; tipico_de:1.52,0.000039,13,0.007019,0.005316,0.000016,13,0.004548,0.002440
Celtic vs Aberdeen,2025-12-21 10:00:00,Premiership,Goles (Over/Under),Under 3.25,1.87,pinnacle,2,0.4713,0.025,1.36,3.48,1.845,pinnacle:1.87; bovada:1.82,0.000039,2,0.007346,0.007346,0.000001,2,0.001065,0.001065
Genoa vs Atalanta BC,2025-12-21 14:45:00,Serie A,Goles (Over/Under),Under 2.5,1.78,coolbet,14,1.2852,0.06,1.24,2.91,1.72,coolbet:1.78; williamhill:1.75; leovegas_se:1.73; tipico_de:1.72; betsson:1.72; nordicbet:1.72; grosvenor:1.72; unibet_nl:1.71; tabtouch:1.71; unibet_se:1.71; casumo:1.71; betmgm:1.71; leovegas:1.7; codere_it:1.69,0.000037,14,0.007100,0.004792,0.000025,14,0.005851,0.004168
Real Sociedad B vs AD Ceuta FC,2025-12-21 10:15:00,La Liga 2,Goles (Over/Under),Over 2.5,2.25,unibet,13,-0.0094,0.0277,1.54,8.55,2.2223,unibet:2.25; unibet_se:2.25; casumo:2.25; tabtouch:2.25; grosvenor:2.25; leovegas:2.25; williamhill:2.25; leovegas_se:2.23; tipico_de:2.2; betmgm:2.2; nordicbet:2.18; betsson:2.18; codere_it:2.15,0.000036,13,0.007017,0.006336,0.000032,13,0.006518,0.006086
Santa Clara vs Arouca,2025-12-21 15:30:00,Primeira Liga,Goles (Over/Under),Under 2.5,1.6,tipico_de,13,0.4532,0.0362,1.02,5.98,1.5638,tipico_de:1.6; unibet:1.57; unibet_nl:1.57; unibet_se:1.57; grosvenor:1.57; casumo:1.57; leovegas_se:1.57; tabtouch:1.57; leovegas:1.56; betsson:1.55; nordicbet:1.55; williamhill:1.55; betmgm:1.53,0.000033,13,0.006523,0.005004,0.000072,13,0.009810,0.008875
Feyenoord vs FC Twente Enschede,2025-12-21 08:30:00,Eredivisie,Goles (Over/Under),Over 2.5,1.55,williamhill,11,-0.1126,0.0336,0.99,7.99,1.5164,williamhill:1.55; betsson:1.53; nordicbet:1.53; unibet:1.52; unibet_nl:1.51; grosvenor:1.51; tabtouch:1.51; unibet_se:1.51; casumo:1.51; leovegas:1.51; leovegas_se:1.49,0.000033,11,0.006459,0.005072,0.000027,11,0.005967,0.003474
Fortuna Sittard vs AZ Alkmaar,2025-12-21 10:45:00,Eredivisie,Goles (Over/Under),Under 3.0,1.85,bovada,3,0.1886,0.02,1.18,4.56,1.83,bovada:1.85; pinnacle:1.84; coolbet:1.8,0.000031,3,0.006497,0.006021,0.000011,3,0.003934,0.003586
Cagliari vs Pisa,2025-12-21 06:30:00,Serie A,Goles (Over/Under),Over 2.5,2.45,tipico_de,13,-0.0393,0.0692,1.52,6.61,2.3808,tipico_de:2.45; codere_it:2.44; leovegas_se:2.4; nordicbet:2.38; betsson:2.38; unibet_nl:2.38; unibet_se:2.38; tabtouch:2.38; casumo:2.38; grosvenor:2.38; leovegas:2.35; betmgm:2.35; williamhill:2.3,0.000030,13,0.006411,0.003958,0.000016,13,0.004548,0.002440
FSV Mainz 05 vs FC St. Pauli,2025-12-21 09:30:00,Bundesliga,Goles (Over/Under),Over 2.5,2.18,codere_it,14,0.5636,0.0507,1.35,4.01,2.1293,codere_it:2.18; tipico_de:2.15; leovegas_se:2.15; grosvenor:2.14; casumo:2.14; tabtouch:2.14; unibet_nl:2.14; unibet_se:2.14; coolbet:2.12; betsson:2.12; nordicbet:2.12; leovegas:2.12; williamhill:2.1; betmgm:2.05,0.000030,14,0.006423,0.004632,0.000010,14,0.003614,0.002857
Real Betis vs Getafe,2025-12-21 15:00:00,La Liga,Goles (Over/Under),Over 2.5,2.44,codere_it,14,0.6546,0.0629,1.49,3.88,2.3771,codere_it:2.44; tipico_de:2.4; leovegas_se:2.4; grosvenor:2.4; betsson:2.38; nordicbet:2.38; casumo:2.38; unibet_nl:2.38; leovegas:2.38; tabtouch:2.38; unibet:2.38; unibet_se:2.38; williamhill:2.3; betmgm:2.3,0.000030,14,0.006356,0.004004,0.000009,14,0.003433,0.002283
Girona vs Atlético Madrid,2025-12-21 08:00:00,La Liga,Goles (Over/Under),Over 2.75,2.0,pinnacle,2,0.3162,0.025,1.27,2.91,1.975,pinnacle:2.0; bovada:1.95,0.000030,2,0.006410,0.006410,0.000002,2,0.001834,0.001834
1. FC Heidenheim vs Bayern Munich,2025-12-21 11:30:00,Bundesliga,Goles (Over/Under),Under 4.0,1.87,coolbet,3,0.2416,0.03,1.17,2.98,1.84,coolbet:1.87; pinnacle:1.83; bovada:1.82,0.000029,3,0.006337,0.005862,0.000009,3,0.003473,0.003247
Fortuna Sittard vs AZ Alkmaar,2025-12-21 10:45:00,Eredivisie,Goles (Over/Under),Over 2.5,1.6,tipico_de,13,0.0418,0.0346,0.92,6.94,1.5654,tipico_de:1.6; betsson:1.58; nordicbet:1.58; unibet:1.57; betmgm:1.57; tabtouch:1.56; grosvenor:1.56; casumo:1.56; unibet_nl:1.56; leovegas:1.56; unibet_se:1.56; williamhill:1.55; leovegas_se:1.54,0.000027,13,0.005871,0.004564,0.000020,13,0.005239,0.003918
FC Lugano vs BSC Young Boys,2025-12-21 10:30:00,Swiss Superleague,Goles (Over/Under),Under 3.0,1.87,pinnacle,3,0.3127,0.0233,1.11,3.23,1.8467,pinnacle:1.87; bovada:1.85; coolbet:1.82,0.000027,3,0.006043,0.005245,0.000006,3,0.002887,0.002691
Virtus Entella vs Südtirol,2025-12-21 09:00:00,Serie B,Goles (Over/Under),Over 2.25,2.05,pinnacle,2,0.3216,0.025,1.23,2.83,2.025,pinnacle:2.05; bovada:2.0,0.000027,2,0.006098,0.006098,0.000002,2,0.001724,0.001724
Eintracht Braunschweig vs FC Schalke 04,2025-12-21 07:30:00,Bundesliga 2,Goles (Over/Under),Over 2.5,2.08,bovada,16,0.8991,0.0781,1.23,4.26,2.0019,bovada:2.08; coolbet:2.03; unibet:2.0; leovegas_se:2.0; unibet_nl:2.0; leovegas:2.0; tabtouch:2.0; unibet_se:2.0; casumo:2.0; grosvenor:2.0; tipico_de:2.0; betmgm:2.0; williamhill:2.0; nordicbet:1.98; betsson:1.98; codere_it:1.96,0.000026,16,0.006006,0.003229,0.000008,16,0.003372,0.003049
Elche CF vs Rayo Vallecano,2025-12-21 12:30:00,La Liga,Goles (Over/Under),Over 2.5,2.35,tipico_de,14,0.1264,0.0514,1.33,6.25,2.2986,tipico_de:2.35; leovegas_se:2.33; betsson:2.32; nordicbet:2.32; grosvenor:2.32; casumo:2.3; unibet_se:2.3; unibet:2.3; tabtouch:2.3; unibet_nl:2.3; leovegas:2.3; williamhill:2.25; betmgm:2.25; codere_it:2.24,0.000025,14,0.005854,0.004275,0.000005,14,0.002581,0.001958
Real Sociedad B vs AD Ceuta FC,2025-12-21 10:15:00,La Liga 2,Goles (Over/Under),Under 2.25,1.87,pinnacle,2,0.2198,0.02,1.08,3.23,1.85,pinnacle:1.87; bovada:1.83,0.000025,2,0.005844,0.005844,0.000003,2,0.002076,0.002076
Sint Truiden vs KV Mechelen,2025-12-21 10:00:00,Belgium First Div,Goles (Over/Under),Under 2.5,2.2,unibet,13,0.0886,0.0223,1.24,6.43,2.1777,unibet:2.2; unibet_se:2.2; unibet_nl:2.2; grosvenor:2.2; casumo:2.2; tipico_de:2.2; betmgm:2.2; tabtouch:2.18; leovegas_se:2.16; leovegas:2.16; williamhill:2.15; nordicbet:2.13; betsson:2.13,0.000024,13,0.005729,0.005176,0.000023,13,0.005567,0.004369
FC Volendam vs Sparta Rotterdam,2025-12-21 10:45:00,Eredivisie,Goles (Over/Under),Under 2.5,2.36,nordicbet,13,0.0201,0.0585,1.33,6.48,2.3015,nordicbet:2.36; betsson:2.36; tabtouch:2.3; grosvenor:2.3; casumo:2.3; unibet_se:2.3; unibet_nl:2.3; leovegas:2.3; unibet:2.3; williamhill:2.3; tipico_de:2.3; leovegas_se:2.25; betmgm:2.25,0.000024,13,0.005754,0.003335,0.000014,13,0.004394,0.003486
Club Brugge vs Gent,2025-12-21 07:30:00,Belgium First Div,Goles (Over/Under),Over 3.5,2.14,unibet,13,0.1408,0.0215,1.2,6.25,2.1185,unibet:2.14; casumo:2.14; unibet_se:2.14; unibet_nl:2.14; grosvenor:2.14; nordicbet:2.13; betsson:2.13; tabtouch:2.12; coolbet:2.11; leovegas_se:2.1; leovegas:2.1; betmgm:2.1; tipico_de:2.05,0.000024,13,0.005750,0.004579,0.000012,13,0.004017,0.002415
1. FC Nürnberg vs Hannover 96,2025-12-21 07:30:00,Bundesliga 2,Goles (Over/Under),Under 3.0,1.84,pinnacle,3,0.4409,0.0267,1.04,3.13,1.8133,pinnacle:1.84; bovada:1.8; coolbet:1.8,0.000024,3,0.005693,0.005368,0.000009,3,0.003576,0.003141
AEL vs Atromitos Athens,2025-12-21 10:30:00,Super League,Goles (Over/Under),Under 2.0,2.11,bovada,3,0.038,0.03,1.18,4.21,2.08,bovada:2.11; pinnacle:2.08; coolbet:2.05,0.000023,3,0.005663,0.004646,0.000013,3,0.004275,0.003939
Sassuolo vs Torino,2025-12-21 09:00:00,Serie A,Goles (Over/Under),Under 2.25,1.91,pinnacle,2,0.3322,0.02,1.06,2.86,1.89,pinnacle:1.91; bovada:1.87,0.000023,2,0.005600,0.005600,0.000000,2,0.000737,0.000737
Feyenoord vs FC Twente Enschede,2025-12-21 08:30:00,Eredivisie,Goles (Over/Under),Under 3.0,1.96,pinnacle,3,0.5795,0.0267,1.06,2.83,1.9333,pinnacle:1.96; coolbet:1.93; bovada:1.91,0.000022,3,0.005484,0.004730,0.000014,3,0.004373,0.003846
FSV Mainz 05 vs FC St. Pauli,2025-12-21 09:30:00,Bundesliga,Goles (Over/Under),Under 2.5,1.72,codere_it,14,0.5636,0.0336,0.91,4.01,1.6864,codere_it:1.72; coolbet:1.7; betsson:1.7; nordicbet:1.7; leovegas_se:1.7; betmgm:1.69; grosvenor:1.68; casumo:1.68; tabtouch:1.68; unibet_nl:1.68; unibet_se:1.68; tipico_de:1.67; williamhill:1.67; leovegas:1.66,0.000022,14,0.005399,0.004580,0.000010,14,0.003614,0.002857
FC Volendam vs Sparta Rotterdam,2025-12-21 10:45:00,Eredivisie,Goles (Over/Under),Over 3.0,1.95,bovada,3,0.1723,0.0233,1.07,4.76,1.9267,bovada:1.95; pinnacle:1.93; coolbet:1.9,0.000022,3,0.005551,0.004817,0.000007,3,0.003087,0.002910
Grasshopper Zürich vs FC St Gallen,2025-12-21 10:30:00,Swiss Superleague,Goles (Over/Under),Over 2.5,1.73,coolbet,15,0.6801,0.0467,0.94,4.97,1.6833,coolbet:1.73; williamhill:1.7; tipico_de:1.7; unibet:1.68; grosvenor:1.68; unibet_se:1.68; casumo:1.68; leovegas:1.68; tabtouch:1.68; unibet_nl:1.68; nordicbet:1.68; betsson:1.68; leovegas_se:1.67; betmgm:1.67; codere_it:1.66,0.000022,15,0.005488,0.003710,0.000007,15,0.003074,0.002927
Grasshopper Zürich vs FC St Gallen,2025-12-21 10:30:00,Swiss Superleague,Goles (Over/Under),Under 2.75,1.93,pinnacle,2,0.1515,0.02,1.05,3.63,1.91,pinnacle:1.93; bovada:1.89,0.000022,2,0.005483,0.005483,0.000005,2,0.002618,0.002618
Go Ahead Eagles vs Groningen,2025-12-21 08:30:00,Eredivisie,Goles (Over/Under),Under 2.75,1.95,pinnacle,2,0.2581,0.02,1.04,3.1,1.93,pinnacle:1.95; bovada:1.91,0.000021,2,0.005370,0.005370,0.000001,2,0.001289,0.001289
Fiorentina vs Udinese,2025-12-21 12:00:00,Serie A,Goles (Over/Under),Under 2.25,1.98,bovada,2,-0.1601,0.02,1.02,4.56,1.96,bovada:1.98; pinnacle:1.94,0.000020,2,0.005207,0.005207,0.000052,2,0.008486,0.008486
Real Betis vs Getafe,2025-12-21 15:00:00,La Liga,Goles (Over/Under),Under 2.5,1.59,codere_it,14,0.6546,0.0357,0.8,3.88,1.5543,codere_it:1.59; williamhill:1.57; leovegas_se:1.56; grosvenor:1.56; tipico_de:1.55; betsson:1.55; nordicbet:1.55; casumo:1.55; unibet_nl:1.55; tabtouch:1.55; unibet:1.55; unibet_se:1.55; leovegas:1.54; betmgm:1.54,0.000020,14,0.005057,0.003681,0.000009,14,0.003433,0.002283
FSV Mainz 05 vs FC St. Pauli,2025-12-21 09:30:00,Bundesliga,Goles (Over/Under),Under 2.25,1.97,pinnacle,2,0.331,0.02,1.03,2.84,1.95,pinnacle:1.97; bovada:1.93,0.000020,2,0.005260,0.005260,0.000000,2,0.000596,0.000596
Elche CF vs Rayo Vallecano,2025-12-21 12:30:00,La Liga,Goles (Over/Under),Under 2.5,1.6,grosvenor,14,0.2571,0.0257,0.79,5.6,1.5743,grosvenor:1.6; leovegas_se:1.6; betsson:1.58; nordicbet:1.58; tipico_de:1.57; williamhill:1.57; casumo:1.57; unibet_se:1.57; unibet:1.57; tabtouch:1.57; unibet_nl:1.57; leovegas:1.57; betmgm:1.57; codere_it:1.55,0.000019,14,0.004965,0.003595,0.000005,14,0.002581,0.001958
Goztepe vs Samsunspor,2025-12-21 12:00:00,Super League,Goles (Over/Under),Under 2.5,1.67,unibet,13,-0.0612,0.0069,0.8,8.66,1.6631,unibet:1.67; tabtouch:1.67; unibet_se:1.67; casumo:1.67; grosvenor:1.67; leovegas_se:1.67; unibet_nl:1.67; leovegas:1.67; nordicbet:1.66; betsson:1.66; codere_it:1.66; coolbet:1.66; betmgm:1.62,0.000018,13,0.004886,0.003116,0.000034,13,0.006856,0.006267
FC Lausanne-Sport vs FC Luzern,2025-12-21 08:00:00,Swiss Superleague,Goles (Over/Under),Under 2.5,2.38,williamhill,9,0.3354,0.0733,1.16,6.53,2.3067,williamhill:2.38; unibet:2.3; unibet_se:2.3; casumo:2.3; unibet_nl:2.3; leovegas:2.3; grosvenor:2.3; tabtouch:2.3; leovegas_se:2.28,0.000018,9,0.004890,0.002981,0.000002,9,0.001588,0.001061
Genoa vs Atalanta BC,2025-12-21 14:45:00,Serie A,Goles (Over/Under),Under 2.25,2.02,pinnacle,2,0.2651,0.02,1.0,2.98,2.0,pinnacle:2.02; bovada:1.98,0.000018,2,0.005001,0.005001,0.000001,2,0.001154,0.001154
Granada CF vs Albacete,2025-12-21 12:30:00,La Liga 2,Goles (Over/Under),Under 2.25,2.06,pinnacle,2,0.1975,0.02,0.98,3.19,2.04,pinnacle:2.06; bovada:2.02,0.000017,2,0.004806,0.004806,0.000002,2,0.001761,0.001761
FC Lausanne-Sport vs FC Luzern,2025-12-21 08:00:00,Swiss Superleague,Goles (Over/Under),Over 3.5,2.27,codere_it,5,0.3442,0.026,1.04,6.16,2.244,codere_it:2.27; betsson:2.25; nordicbet:2.25; betmgm:2.25; tipico_de:2.2,0.000016,5,0.004684,0.003546,0.000023,5,0.005582,0.005101
Cagliari vs Pisa,2025-12-21 06:30:00,Serie A,Goles (Over/Under),Under 2.0,2.05,pinnacle,3,0.1908,0.0133,0.93,2.83,2.0367,pinnacle:2.05; bovada:2.05; coolbet:2.01,0.000015,3,0.004576,0.004314,0.000030,3,0.006452,0.005487
CD Mirandés vs Córdoba,2025-12-21 10:15:00,La Liga 2,Goles (Over/Under),Under 2.5,1.72,tipico_de,15,-0.0337,0.0353,0.75,8.9,1.6847,tipico_de:1.72; williamhill:1.7; coolbet:1.7; betmgm:1.69; nordicbet:1.68; betsson:1.68; unibet_se:1.68; tabtouch:1.68; grosvenor:1.68; unibet:1.68; unibet_nl:1.68; casumo:1.68; leovegas:1.68; codere_it:1.67; leovegas_se:1.67,0.000014,15,0.004384,0.003321,0.000013,15,0.004232,0.002549
Santa Clara vs Arouca,2025-12-21 15:30:00,Primeira Liga,Goles (Over/Under),Over 2.0,1.81,pinnacle,3,0.3514,0.02,0.79,3.33,1.79,pinnacle:1.81; bovada:1.78; coolbet:1.78,0.000014,3,0.004390,0.004138,0.000009,3,0.003477,0.002862
FC Lausanne-Sport vs FC Luzern,2025-12-21 08:00:00,Swiss Superleague,Goles (Over/Under),Over 2.5,1.55,williamhill,9,0.3354,0.02,0.62,6.53,1.53,williamhill:1.55; unibet:1.53; unibet_se:1.53; casumo:1.53; unibet_nl:1.53; leovegas:1.53; grosvenor:1.53; tabtouch:1.53; leovegas_se:1.51,0.000013,9,0.004029,0.001918,0.000002,9,0.001588,0.001061
Aston Villa vs Manchester United,2025-12-21 11:30:00,EPL,Goles (Over/Under),Over 3.0,2.04,pinnacle,3,0.2313,0.0167,0.84,3.07,2.0233,pinnacle:2.04; coolbet:2.03; bovada:2.0,0.000013,3,0.004171,0.003821,0.000001,3,0.001081,0.001018
Villarreal vs Barcelona,2025-12-21 10:15:00,La Liga,Goles (Over/Under),Over 3.75,1.9,pinnacle,2,0.258,0.015,0.8,3.14,1.885,pinnacle:1.9; bovada:1.87,0.000013,2,0.004222,0.004222,0.000000,2,0.000081,0.000081
AEL vs Atromitos Athens,2025-12-21 10:30:00,Super League,Goles (Over/Under),Over 2.0,1.79,pinnacle,3,0.1091,0.0133,0.7,3.94,1.7767,pinnacle:1.79; coolbet:1.78; bovada:1.76,0.000012,3,0.003962,0.003535,0.000013,3,0.004275,0.003939
AVS Futebol SAD vs Nacional,2025-12-21 10:30:00,Primeira Liga,Goles (Over/Under),Under 2.25,1.92,pinnacle,2,0.1988,0.015,0.79,3.37,1.905,pinnacle:1.92; bovada:1.89,0.000012,2,0.004134,0.004134,0.000000,2,0.000680,0.000680
Goztepe vs Samsunspor,2025-12-21 12:00:00,Super League,Goles (Over/Under),Under 2.25,1.92,pinnacle,2,0.1988,0.015,0.79,3.37,1.905,pinnacle:1.92; bovada:1.89,0.000012,2,0.004134,0.004134,0.000000,2,0.000680,0.000680
FSV Mainz 05 vs FC St. Pauli,2025-12-21 09:30:00,Bundesliga,Goles (Over/Under),Over 2.25,1.92,pinnacle,2,0.331,0.015,0.79,2.84,1.905,pinnacle:1.92; bovada:1.89,0.000012,2,0.004134,0.004134,0.000000,2,0.000596,0.000596
Villarreal vs Barcelona,2025-12-21 10:15:00,La Liga,Goles (Over/Under),Under 3.75,1.98,pinnacle,2,0.258,0.015,0.76,3.14,1.965,pinnacle:1.98; bovada:1.95,0.000011,2,0.003885,0.003885,0.000000,2,0.000081,0.000081
Sassuolo vs Torino,2025-12-21 09:00:00,Serie A,Goles (Over/Under),Over 2.25,1.98,pinnacle,2,0.3322,0.015,0.76,2.86,1.965,pinnacle:1.98; bovada:1.95,0.000011,2,0.003885,0.003885,0.000000,2,0.000737,0.000737
Fortuna Sittard vs AZ Alkmaar,2025-12-21 10:45:00,Eredivisie,Goles (Over/Under),Over 3.0,1.98,bovada,3,0.1886,0.01,0.72,4.56,1.97,bovada:1.98; coolbet:1.98; pinnacle:1.95,0.000010,3,0.003663,0.003453,0.000011,3,0.003934,0.003586
Elche CF vs Rayo Vallecano,2025-12-21 12:30:00,La Liga,Goles (Over/Under),Over 2.0,1.83,coolbet,3,0.1729,0.0167,0.69,2.95,1.8133,coolbet:1.83; pinnacle:1.81; bovada:1.8,0.000010,3,0.003783,0.003366,0.000003,3,0.002133,0.001902
Elche CF vs Rayo Vallecano,2025-12-21 12:30:00,La Liga,Goles (Over/Under),Under 2.0,2.09,pinnacle,3,0.1161,0.02,0.79,3.1,2.07,pinnacle:2.09; coolbet:2.07; bovada:2.05,0.000010,3,0.003811,0.003122,0.000003,3,0.002133,0.001902
Tondela vs Casa Pia,2025-12-21 13:00:00,Primeira Liga,Goles (Over/Under),Over 2.25,2.01,pinnacle,2,0.151,0.015,0.75,3.51,1.995,pinnacle:2.01; bovada:1.98,0.000010,2,0.003769,0.003769,0.000001,2,0.001204,0.001204
Sint Truiden vs KV Mechelen,2025-12-21 10:00:00,Belgium First Div,Goles (Over/Under),Under 3.0,1.73,coolbet,2,-0.1459,0.01,0.58,7.06,1.72,coolbet:1.73; bovada:1.71,0.000008,2,0.003380,0.003380,0.000053,2,0.008551,0.008551
AEK Athens vs OFI Crete,2025-12-21 14:00:00,Super League,Goles (Over/Under),Over 3.0,1.77,bovada,2,0.0777,0.01,0.57,4.12,1.76,bovada:1.77; coolbet:1.75,0.000008,2,0.003228,0.003228,0.000001,2,0.001409,0.001409
SC Preußen Münster vs Elversberg,2025-12-21 07:30:00,Bundesliga 2,Goles (Over/Under),Over 2.5,1.7,bovada,15,0.7,0.022,0.5,4.7,1.678,bovada:1.7; unibet:1.68; leovegas_se:1.68; leovegas:1.68; unibet_nl:1.68; tabtouch:1.68; casumo:1.68; unibet_se:1.68; grosvenor:1.68; betsson:1.68; nordicbet:1.68; tipico_de:1.67; betmgm:1.67; williamhill:1.67; codere_it:1.66,0.000007,15,0.002952,0.001996,0.000017,15,0.004817,0.003883
FC Lausanne-Sport vs FC Luzern,2025-12-21 08:00:00,Swiss Superleague,Goles (Over/Under),Under 3.0,2.05,bovada,3,-0.0461,0.0167,0.61,4.34,2.0333,bovada:2.05; pinnacle:2.03; coolbet:2.02,0.000007,3,0.003010,0.002678,0.000014,3,0.004402,0.003903
FC Lugano vs BSC Young Boys,2025-12-21 10:30:00,Swiss Superleague,Goles (Over/Under),Over 3.0,2.01,pinnacle,3,0.3127,0.0133,0.62,3.23,1.9967,pinnacle:2.01; coolbet:2.0; bovada:1.98,0.000007,3,0.003136,0.002797,0.000006,3,0.002887,0.002691
Burgos CF vs Zaragoza,2025-12-21 12:30:00,La Liga 2,Goles (Over/Under),Over 1.75,1.82,pinnacle,2,0.1692,0.01,0.55,3.25,1.81,pinnacle:1.82; bovada:1.8,0.000007,2,0.003053,0.003053,0.000000,2,0.000167,0.000167
Virtus Entella vs Südtirol,2025-12-21 09:00:00,Serie B,Goles (Over/Under),Over 2.5,2.23,unibet,14,-0.0615,0.0121,0.64,8.95,2.2179,unibet:2.23; grosvenor:2.23; leovegas:2.23; tabtouch:2.23; casumo:2.23; leovegas_se:2.23; unibet_nl:2.23; unibet_se:2.23; codere_it:2.21; betsson:2.2; nordicbet:2.2; betmgm:2.2; tipico_de:2.2; williamhill:2.2,0.000006,14,0.002900,0.002827,0.000023,14,0.005527,0.005020
Virtus Entella vs Südtirol,2025-12-21 09:00:00,Serie B,Goles (Over/Under),Under 2.25,1.85,pinnacle,2,0.3216,0.01,0.54,2.83,1.84,pinnacle:1.85; bovada:1.83,0.000006,2,0.002954,0.002954,0.000002,2,0.001724,0.001724
Girona vs Atlético Madrid,2025-12-21 08:00:00,La Liga,Goles (Over/Under),Under 2.75,1.89,pinnacle,2,0.3162,0.01,0.53,2.91,1.88,pinnacle:1.89; bovada:1.87,0.000006,2,0.002829,0.002829,0.000002,2,0.001834,0.001834
Genoa vs Atalanta BC,2025-12-21 14:45:00,Serie A,Goles (Over/Under),Over 2.25,1.87,pinnacle,2,0.2651,0.01,0.54,2.98,1.86,pinnacle:1.87; bovada:1.85,0.000006,2,0.002891,0.002891,0.000001,2,0.001154,0.001154
CD Mirandés vs Córdoba,2025-12-21 10:15:00,La Liga 2,Goles (Over/Under),Over 2.25,1.87,pinnacle,2,0.1552,0.01,0.54,3.48,1.86,pinnacle:1.87; bovada:1.85,0.000006,2,0.002891,0.002891,0.000000,2,0.000088,0.000088
FC Volendam vs Sparta Rotterdam,2025-12-21 10:45:00,Eredivisie,Goles (Over/Under),Under 3.0,1.87,bovada,3,0.1723,0.0067,0.51,4.76,1.8633,bovada:1.87; coolbet:1.87; pinnacle:1.85,0.000005,3,0.002725,0.002569,0.000007,3,0.003087,0.002910
Go Ahead Eagles vs Groningen,2025-12-21 08:30:00,Eredivisie,Goles (Over/Under),Over 2.75,1.93,pinnacle,2,0.2581,0.01,0.52,3.1,1.92,pinnacle:1.93; bovada:1.91,0.000005,2,0.002713,0.002713,0.000001,2,0.001289,0.001289
AVS Futebol SAD vs Nacional,2025-12-21 10:30:00,Primeira Liga,Goles (Over/Under),Over 2.25,1.95,pinnacle,2,0.1988,0.01,0.52,3.37,1.94,pinnacle:1.95; bovada:1.93,0.000005,2,0.002657,0.002657,0.000000,2,0.000680,0.000680
Goztepe vs Samsunspor,2025-12-21 12:00:00,Super League,Goles (Over/Under),Over 2.25,1.95,pinnacle,2,0.1988,0.01,0.52,3.37,1.94,pinnacle:1.95; bovada:1.93,0.000005,2,0.002657,0.002657,0.000000,2,0.000680,0.000680
CD Mirandés vs Córdoba,2025-12-21 10:15:00,La Liga 2,Goles (Over/Under),Under 2.25,2.0,pinnacle,2,0.1552,0.01,0.5,3.48,1.99,pinnacle:2.0; bovada:1.98,0.000005,2,0.002525,0.002525,0.000000,2,0.000088,0.000088
1. FC Heidenheim vs Bayern Munich,2025-12-21 11:30:00,Bundesliga,Goles (Over/Under),Over 4.0,2.04,pinnacle,3,0.0109,0.0133,0.47,3.66,2.0267,pinnacle:2.04; coolbet:2.02; bovada:2.02,0.000004,3,0.002288,0.002157,0.000009,3,0.003473,0.003247
Aston Villa vs Manchester United,2025-12-21 11:30:00,EPL,Goles (Over/Under),Under 3.0,1.85,pinnacle,3,0.2313,0.01,0.44,3.07,1.84,pinnacle:1.85; coolbet:1.84; bovada:1.83,0.000004,3,0.002412,0.001973,0.000001,3,0.001081,0.001018
Burgos CF vs Zaragoza,2025-12-21 12:30:00,La Liga 2,Goles (Over/Under),Under 1.75,2.07,pinnacle,2,0.1692,0.01,0.49,3.25,2.06,pinnacle:2.07; bovada:2.05,0.000004,2,0.002357,0.002357,0.000000,2,0.000167,0.000167
Granada CF vs Albacete,2025-12-21 12:30:00,La Liga 2,Goles (Over/Under),Over 2.25,1.83,pinnacle,2,0.1975,0.005,0.27,3.19,1.825,pinnacle:1.83; bovada:1.82,0.000002,2,0.001501,0.001501,0.000002,2,0.001761,0.001761
Tondela vs Casa Pia,2025-12-21 13:00:00,Primeira Liga,Goles (Over/Under),Under 2.25,1.86,pinnacle,2,0.151,0.005,0.27,3.51,1.855,pinnacle:1.86; bovada:1.85,0.000002,2,0.001453,0.001453,0.000001,2,0.001204,0.001204
Real Sociedad B vs AD Ceuta FC,2025-12-21 10:15:00,La Liga 2,Goles (Over/Under),Over 2.25,2.01,pinnacle,2,0.2198,0.005,0.25,3.23,2.005,pinnacle:2.01; bovada:2.0,0.000001,2,0.001244,0.001244,0.000003,2,0.002076,0.002076
FC Utrecht vs PSV Eindhoven,2025-12-21 06:15:00,Eredivisie,Goles (Over/Under),Over 3.25,2.05,pinnacle,2,0.2686,0.0,0.0,2.83,2.05,pinnacle:2.05; bovada:2.05,0.000000,2,0.000000,0.000000,0.000008,2,0.003413,0.003413
Grasshopper Zürich vs FC St Gallen,2025-12-21 10:30:00,Swiss Superleague,Goles (Over/Under),Over 2.75,1.93,pinnacle,2,0.1515,0.0,0.0,3.63,1.93,pinnacle:1.93; bovada:1.93,0.000000,2,0.000000,0.000000,0.000005,2,0.002618,0.002618
AEK Athens vs OFI Crete,2025-12-21 14:00:00,Super League,Goles (Over/Under),Under 3.0,2.1,coolbet,2,-0.0672,0.0,0.0,4.76,2.1,coolbet:2.1; bovada:2.1,0.000000,2,0.000000,0.000000,0.000001,2,0.001409,0.001409