Partido,Fecha_Hora_Colombia,Liga,Tipo_Mercado,Mercado,Mejor_Cuota,Mejor_Casa,Num_Casas,Score_Final,Diferencia_Cuota_Promedio,Volatilidad_Pct,Margen_Casa_Pct,Cuota_Promedio_Mercado,Todas_Las_Cuotas,Estrategia,Prioridad
Real Sociedad B vs Real Valladolid CF,2025-11-24 14:30:00,La Liga 2,Doble Chance,1X,1.75,pinnacle,4,0.8396,0.0525,2.1,3.99,1.6975,pinnacle:1.75; marathonbet:1.7; betsson:1.69; codere_it:1.65,E5_Alta_Confianza,5
San Diego FC vs Minnesota United FC,2025-11-24 22:00:00,MLS,Doble Chance,X2,2.32,pinnacle,5,0.729,0.0889,2.85,3.69,2.2311,pinnacle:2.32; betsson:2.29; marathonbet:2.2; bwin:2.1955; codere_it:2.15,E5_Alta_Confianza,5
Pogoń Szczecin vs Zagłębie Lubin,2025-11-24 13:00:00,Ekstraklasa,Doble Chance,X2,1.96,pinnacle,4,0.633,0.075,2.97,4.66,1.885,pinnacle:1.96; marathonbet:1.91; betsson:1.86; codere_it:1.81,E5_Alta_Confianza,5
Mirassol vs Ceará,2025-11-24 17:00:00,Brasileirão,Doble Chance,X2,2.29,pinnacle,4,0.5784,0.1075,2.87,3.89,2.1825,pinnacle:2.29; codere_it:2.16; betsson:2.14; marathonbet:2.14,E5_Alta_Confianza,5
Ñublense vs Huachipato,2025-11-24 18:00:00,Primera División,Doble Chance,X2,1.76,pinnacle,4,0.5425,0.0675,2.55,4.59,1.6925,pinnacle:1.76; betsson:1.7; marathonbet:1.66; codere_it:1.65,E5_Alta_Confianza,5
AD Ceuta FC vs Burgos CF,2025-11-29 08:00:00,La Liga 2,Doble Chance,X2,1.61,pinnacle,4,0.5282,0.0538,2.08,4.96,1.5562,pinnacle:1.61; betsson:1.55; marathonbet:1.54; bwin:1.5246,E5_Alta_Confianza,5
Sporting Gijón vs Andorra CF,2025-11-28 14:30:00,La Liga 2,Doble Chance,X2,1.77,pinnacle,4,0.4863,0.0625,2.36,5.1,1.7075,pinnacle:1.77; marathonbet:1.71; betsson:1.69; codere_it:1.66,E5_Alta_Confianza,5
Eintracht Frankfurt vs VfL Wolfsburg,2025-11-30 11:30:00,Bundesliga,Doble Chance,X2,2.32,marathonbet,4,0.4592,0.0525,1.48,2.94,2.2675,marathonbet:2.32; pinnacle:2.27; codere_it:2.25; betsson:2.23,E5_Alta_Confianza,5
Western Sydney Wanderers vs Sydney FC,2025-11-29 03:35:00,A-League,Doble Chance,1X,1.64,pinnacle,5,0.4536,0.0543,2.02,5.07,1.5857,pinnacle:1.64; betsson:1.6; bwin:1.5785; marathonbet:1.56; codere_it:1.55,E5_Alta_Confianza,5
Arminia Bielefeld vs SC Preußen Münster,2025-11-30 07:30:00,Bundesliga 2,Doble Chance,X2,1.98,pinnacle,4,0.4397,0.0575,1.82,5.14,1.9225,pinnacle:1.98; marathonbet:1.92; betsson:1.9; codere_it:1.89,E5_Alta_Confianza,5
Empoli vs Bari,2025-11-29 09:00:00,Serie B,Doble Chance,X2,1.69,pinnacle,4,0.4325,0.0534,2.33,5.04,1.6366,pinnacle:1.69; marathonbet:1.65; betsson:1.62; bwin:1.5866,E5_Alta_Confianza,5
Paris FC vs Auxerre,2025-11-29 13:00:00,Ligue 1,Doble Chance,X2,2.07,marathonbet,4,0.4262,0.0525,1.93,3.05,2.0175,marathonbet:2.07; pinnacle:2.04; betsson:1.98; codere_it:1.98,E5_Alta_Confianza,5
Go Ahead Eagles vs VfB Stuttgart,2025-11-27 15:00:00,Europa League,Doble Chance,1X,2.61,betsson,4,0.4152,0.075,1.8,2.89,2.535,betsson:2.61; codere_it:2.53; marathonbet:2.51; pinnacle:2.49,E5_Alta_Confianza,5
Brisbane Roar vs Melbourne Victory,2025-11-28 03:35:00,A-League,Doble Chance,X2,1.53,pinnacle,5,0.3984,0.0533,2.69,4.97,1.4767,pinnacle:1.53; betsson:1.51; bwin:1.4733; marathonbet:1.45; codere_it:1.42,E5_Alta_Confianza,5
SC Bastia vs Stade Lavallois,2025-11-25 14:00:00,Ligue 2,Doble Chance,X2,1.76,pinnacle,5,0.3975,0.0889,2.74,5.61,1.6711,pinnacle:1.76; bwin:1.6657; betsson:1.65; marathonbet:1.65; codere_it:1.63,E5_Alta_Confianza,5
Le Havre vs Lille,2025-11-30 11:15:00,Ligue 1,Doble Chance,1X,1.97,marathonbet,4,0.3856,0.065,2.15,3.06,1.905,marathonbet:1.97; pinnacle:1.91; betsson:1.87; codere_it:1.87,E5_Alta_Confianza,5
Marseille vs Toulouse,2025-11-29 15:05:00,Ligue 1,Doble Chance,X2,2.35,marathonbet,4,0.3841,0.055,1.76,3.15,2.295,marathonbet:2.35; pinnacle:2.31; betsson:2.28; codere_it:2.24,E5_Alta_Confianza,5
Wellington Phoenix FC vs Adelaide United,2025-11-28 23:00:00,A-League,Doble Chance,1X,1.74,pinnacle,5,0.367,0.0537,2.27,5.15,1.6863,pinnacle:1.74; betsson:1.7; marathonbet:1.69; codere_it:1.68; bwin:1.6214,E5_Alta_Confianza,5
Kocaelispor vs Genclerbirligi SK,2025-11-28 12:00:00,Super League,Doble Chance,X2,1.88,pinnacle,4,0.352,0.06,2.36,5.17,1.82,pinnacle:1.88; betsson:1.84; marathonbet:1.79; codere_it:1.77,E5_Alta_Confianza,5
Celta Vigo vs Espanyol,2025-11-30 12:30:00,La Liga,Doble Chance,X2,1.87,marathonbet,4,0.3492,0.0675,2.76,3.15,1.8025,marathonbet:1.87; codere_it:1.81; pinnacle:1.8; betsson:1.73,E5_Alta_Confianza,5
Hannover 96 vs Karlsruher SC,2025-11-28 12:30:00,Bundesliga 2,Doble Chance,X2,2.22,pinnacle,5,0.3429,0.1069,3.37,5.25,2.1131,pinnacle:2.22; bwin:2.1453; marathonbet:2.13; betsson:2.05; codere_it:2.02,E5_Alta_Confianza,5
Central Coast Mariners vs Melbourne City,2025-11-29 01:00:00,A-League,Doble Chance,1X,2.06,pinnacle,5,0.3284,0.0826,2.32,5.45,1.9774,pinnacle:2.06; betsson:1.98; bwin:1.9671; marathonbet:1.96; codere_it:1.92,E5_Alta_Confianza,5
Basaksehir vs Trabzonspor,2025-11-24 12:00:00,Super League,Goles (Over/Under),Over 2.5,1.84,pinnacle,3,0.9862,0.0333,1.3,2.89,1.8067,pinnacle:1.84; betsson:1.79; codere_it:1.79,E1_Margen_Bajo,4
Basaksehir vs Trabzonspor,2025-11-24 12:00:00,Super League,Goles (Over/Under),Under 2.5,2.06,pinnacle,3,0.9862,0.0733,2.89,2.89,1.9867,pinnacle:2.06; betsson:1.98; codere_it:1.92,E1_Margen_Bajo,4
Basaksehir vs Trabzonspor,2025-11-24 12:00:00,Super League,Goles (Over/Under),Over 2.5,1.84,pinnacle,3,0.9862,0.0333,1.3,2.89,1.8067,pinnacle:1.84; betsson:1.79; codere_it:1.79,E3_Sharp_Validation,4
Basaksehir vs Trabzonspor,2025-11-24 12:00:00,Super League,Goles (Over/Under),Under 2.5,2.06,pinnacle,3,0.9862,0.0733,2.89,2.89,1.9867,pinnacle:2.06; betsson:1.98; codere_it:1.92,E3_Sharp_Validation,4
Basaksehir vs Trabzonspor,2025-11-24 12:00:00,Super League,Doble Chance,1X,1.45,pinnacle,4,0.9639,0.0375,1.76,3.32,1.4125,pinnacle:1.45; betsson:1.41; marathonbet:1.41; codere_it:1.38,E1_Margen_Bajo,4
Basaksehir vs Trabzonspor,2025-11-24 12:00:00,Super League,Doble Chance,X2,1.56,pinnacle,4,0.9639,0.04,1.8,3.32,1.52,pinnacle:1.56; betsson:1.53; codere_it:1.5; marathonbet:1.49,E1_Margen_Bajo,4
Basaksehir vs Trabzonspor,2025-11-24 12:00:00,Super League,Doble Chance,1X,1.45,pinnacle,4,0.9639,0.0375,1.76,3.32,1.4125,pinnacle:1.45; betsson:1.41; marathonbet:1.41; codere_it:1.38,E3_Sharp_Validation,4
Basaksehir vs Trabzonspor,2025-11-24 12:00:00,Super League,Doble Chance,X2,1.56,pinnacle,4,0.9639,0.04,1.8,3.32,1.52,pinnacle:1.56; betsson:1.53; codere_it:1.5; marathonbet:1.49,E3_Sharp_Validation,4
Torku Konyaspor vs Antalyaspor,2025-11-24 12:00:00,Super League,Doble Chance,1X,1.23,pinnacle,4,0.9355,0.04,2.45,3.41,1.19,pinnacle:1.23; betsson:1.2; marathonbet:1.18; codere_it:1.15,E1_Margen_Bajo,4
Torku Konyaspor vs Antalyaspor,2025-11-24 12:00:00,Super League,Doble Chance,X2,2.03,pinnacle,4,0.9355,0.0475,1.72,3.41,1.9825,pinnacle:2.03; marathonbet:2.0; betsson:1.95; codere_it:1.95,E1_Margen_Bajo,4
Torku Konyaspor vs Antalyaspor,2025-11-24 12:00:00,Super League,Doble Chance,1X,1.23,pinnacle,4,0.9355,0.04,2.45,3.41,1.19,pinnacle:1.23; betsson:1.2; marathonbet:1.18; codere_it:1.15,E3_Sharp_Validation,4
Torku Konyaspor vs Antalyaspor,2025-11-24 12:00:00,Super League,Doble Chance,X2,2.03,pinnacle,4,0.9355,0.0475,1.72,3.41,1.9825,pinnacle:2.03; marathonbet:2.0; betsson:1.95; codere_it:1.95,E3_Sharp_Validation,4
Torku Konyaspor vs Antalyaspor,2025-11-24 12:00:00,Super League,Goles (Over/Under),Over 2.5,1.99,pinnacle,3,0.8449,0.05,1.93,3.16,1.94,pinnacle:1.99; betsson:1.93; codere_it:1.9,E1_Margen_Bajo,4
Torku Konyaspor vs Antalyaspor,2025-11-24 12:00:00,Super League,Goles (Over/Under),Under 2.5,1.89,pinnacle,3,0.8449,0.0467,1.84,3.16,1.8433,pinnacle:1.89; betsson:1.83; codere_it:1.81,E1_Margen_Bajo,4
Torku Konyaspor vs Antalyaspor,2025-11-24 12:00:00,Super League,Goles (Over/Under),Over 2.5,1.99,pinnacle,3,0.8449,0.05,1.93,3.16,1.94,pinnacle:1.99; betsson:1.93; codere_it:1.9,E3_Sharp_Validation,4
Torku Konyaspor vs Antalyaspor,2025-11-24 12:00:00,Super League,Goles (Over/Under),Under 2.5,1.89,pinnacle,3,0.8449,0.0467,1.84,3.16,1.8433,pinnacle:1.89; betsson:1.83; codere_it:1.81,E3_Sharp_Validation,4
Real Sociedad B vs Real Valladolid CF,2025-11-24 14:30:00,La Liga 2,Doble Chance,1X,1.75,pinnacle,4,0.8396,0.0525,2.1,3.99,1.6975,pinnacle:1.75; marathonbet:1.7; betsson:1.69; codere_it:1.65,E1_Margen_Bajo,4
Real Sociedad B vs Real Valladolid CF,2025-11-24 14:30:00,La Liga 2,Doble Chance,X2,1.29,pinnacle,4,0.8396,0.0425,2.15,3.99,1.2475,pinnacle:1.29; marathonbet:1.25; betsson:1.23; codere_it:1.22,E1_Margen_Bajo,4
Real Sociedad B vs Real Valladolid CF,2025-11-24 14:30:00,La Liga 2,Doble Chance,1X,1.75,pinnacle,4,0.8396,0.0525,2.1,3.99,1.6975,pinnacle:1.75; marathonbet:1.7; betsson:1.69; codere_it:1.65,E3_Sharp_Validation,4
Real Sociedad B vs Real Valladolid CF,2025-11-24 14:30:00,La Liga 2,Doble Chance,X2,1.29,pinnacle,4,0.8396,0.0425,2.15,3.99,1.2475,pinnacle:1.29; marathonbet:1.25; betsson:1.23; codere_it:1.22,E3_Sharp_Validation,4
AC Milan vs Lazio,2025-11-29 14:45:00,Serie A,Goles (Over/Under),Over 2.5,1.99,pinnacle,3,0.8194,0.0533,1.99,2.88,1.9367,pinnacle:1.99; codere_it:1.92; betsson:1.9,E1_Margen_Bajo,4
AC Milan vs Lazio,2025-11-29 14:45:00,Serie A,Goles (Over/Under),Under 2.5,1.9,pinnacle,3,0.8194,0.0333,1.26,2.88,1.8667,pinnacle:1.9; betsson:1.85; codere_it:1.85,E1_Margen_Bajo,4
AC Milan vs Lazio,2025-11-29 14:45:00,Serie A,Goles (Over/Under),Over 2.5,1.99,pinnacle,3,0.8194,0.0533,1.99,2.88,1.9367,pinnacle:1.99; codere_it:1.92; betsson:1.9,E3_Sharp_Validation,4
AC Milan vs Lazio,2025-11-29 14:45:00,Serie A,Goles (Over/Under),Under 2.5,1.9,pinnacle,3,0.8194,0.0333,1.26,2.88,1.8667,pinnacle:1.9; betsson:1.85; codere_it:1.85,E3_Sharp_Validation,4
Marseille vs Toulouse,2025-11-29 15:05:00,Ligue 1,Goles (Over/Under),Over 2.5,1.9,pinnacle,3,0.816,0.0267,1.1,2.88,1.8733,pinnacle:1.9; codere_it:1.87; betsson:1.85,E1_Margen_Bajo,4
Marseille vs Toulouse,2025-11-29 15:05:00,Ligue 1,Goles (Over/Under),Under 2.5,1.99,pinnacle,3,0.816,0.06,2.2,2.88,1.93,pinnacle:1.99; betsson:1.9; codere_it:1.9,E1_Margen_Bajo,4
Marseille vs Toulouse,2025-11-29 15:05:00,Ligue 1,Goles (Over/Under),Over 2.5,1.9,pinnacle,3,0.816,0.0267,1.1,2.88,1.8733,pinnacle:1.9; codere_it:1.87; betsson:1.85,E3_Sharp_Validation,4
Marseille vs Toulouse,2025-11-29 15:05:00,Ligue 1,Goles (Over/Under),Under 2.5,1.99,pinnacle,3,0.816,0.06,2.2,2.88,1.93,pinnacle:1.99; betsson:1.9; codere_it:1.9,E3_Sharp_Validation,4
Union Berlin vs 1. FC Heidenheim,2025-11-29 09:30:00,Bundesliga,Goles (Over/Under),Over 2.5,1.89,pinnacle,3,0.7491,0.0333,1.54,2.91,1.8567,pinnacle:1.89; codere_it:1.86; betsson:1.82,E1_Margen_Bajo,4
Union Berlin vs 1. FC Heidenheim,2025-11-29 09:30:00,Bundesliga,Goles (Over/Under),Under 2.5,2.0,pinnacle,3,0.7491,0.0467,1.88,2.91,1.9533,pinnacle:2.0; betsson:1.95; codere_it:1.91,E1_Margen_Bajo,4
Union Berlin vs 1. FC Heidenheim,2025-11-29 09:30:00,Bundesliga,Goles (Over/Under),Over 2.5,1.89,pinnacle,3,0.7491,0.0333,1.54,2.91,1.8567,pinnacle:1.89; codere_it:1.86; betsson:1.82,E3_Sharp_Validation,4
Union Berlin vs 1. FC Heidenheim,2025-11-29 09:30:00,Bundesliga,Goles (Over/Under),Under 2.5,2.0,pinnacle,3,0.7491,0.0467,1.88,2.91,1.9533,pinnacle:2.0; betsson:1.95; codere_it:1.91,E3_Sharp_Validation,4
Sampdoria vs Juve Stabia,2025-11-24 14:30:00,Serie B,Doble Chance,1X,1.45,pinnacle,5,0.7415,0.0343,1.64,3.83,1.4157,pinnacle:1.45; bwin:1.4287; marathonbet:1.41; codere_it:1.41; betsson:1.38,E1_Margen_Bajo,4
Sampdoria vs Juve Stabia,2025-11-24 14:30:00,Serie B,Doble Chance,1X,1.45,pinnacle,5,0.7415,0.0343,1.64,3.83,1.4157,pinnacle:1.45; bwin:1.4287; marathonbet:1.41; codere_it:1.41; betsson:1.38,E3_Sharp_Validation,4
San Diego FC vs Minnesota United FC,2025-11-24 22:00:00,MLS,Doble Chance,1X,1.2,pinnacle,5,0.729,0.0262,1.58,3.69,1.1738,pinnacle:1.2; betsson:1.19; bwin:1.1691; marathonbet:1.16; codere_it:1.15,E1_Margen_Bajo,4
San Diego FC vs Minnesota United FC,2025-11-24 22:00:00,MLS,Doble Chance,X2,2.32,pinnacle,5,0.729,0.0889,2.85,3.69,2.2311,pinnacle:2.32; betsson:2.29; marathonbet:2.2; bwin:2.1955; codere_it:2.15,E1_Margen_Bajo,4
San Diego FC vs Minnesota United FC,2025-11-24 22:00:00,MLS,Doble Chance,1X,1.2,pinnacle,5,0.729,0.0262,1.58,3.69,1.1738,pinnacle:1.2; betsson:1.19; bwin:1.1691; marathonbet:1.16; codere_it:1.15,E3_Sharp_Validation,4
San Diego FC vs Minnesota United FC,2025-11-24 22:00:00,MLS,Doble Chance,X2,2.32,pinnacle,5,0.729,0.0889,2.85,3.69,2.2311,pinnacle:2.32; betsson:2.29; marathonbet:2.2; bwin:2.1955; codere_it:2.15,E3_Sharp_Validation,4
Juventus vs Cagliari,2025-11-29 12:00:00,Serie A,Goles (Over/Under),Over 2.5,1.99,pinnacle,3,0.7222,0.0433,1.59,2.88,1.9467,pinnacle:1.99; codere_it:1.93; betsson:1.92,E1_Margen_Bajo,4
Juventus vs Cagliari,2025-11-29 12:00:00,Serie A,Goles (Over/Under),Under 2.5,1.9,pinnacle,3,0.7222,0.0333,1.26,2.88,1.8667,pinnacle:1.9; betsson:1.85; codere_it:1.85,E1_Margen_Bajo,4
Juventus vs Cagliari,2025-11-29 12:00:00,Serie A,Goles (Over/Under),Over 2.5,1.99,pinnacle,3,0.7222,0.0433,1.59,2.88,1.9467,pinnacle:1.99; codere_it:1.93; betsson:1.92,E3_Sharp_Validation,4
Juventus vs Cagliari,2025-11-29 12:00:00,Serie A,Goles (Over/Under),Under 2.5,1.9,pinnacle,3,0.7222,0.0333,1.26,2.88,1.8667,pinnacle:1.9; betsson:1.85; codere_it:1.85,E3_Sharp_Validation,4
Volos FC vs Levadiakos,2025-11-24 11:00:00,Super League,Doble Chance,1X,1.62,pinnacle,3,0.7206,0.0233,1.64,3.83,1.5967,pinnacle:1.62; betsson:1.61; codere_it:1.56,E1_Margen_Bajo,4
Volos FC vs Levadiakos,2025-11-24 11:00:00,Super League,Doble Chance,X2,1.37,pinnacle,3,0.7206,0.04,2.46,3.83,1.33,pinnacle:1.37; betsson:1.33; codere_it:1.29,E1_Margen_Bajo,4
Volos FC vs Levadiakos,2025-11-24 11:00:00,Super League,Doble Chance,1X,1.62,pinnacle,3,0.7206,0.0233,1.64,3.83,1.5967,pinnacle:1.62; betsson:1.61; codere_it:1.56,E3_Sharp_Validation,4
Volos FC vs Levadiakos,2025-11-24 11:00:00,Super League,Doble Chance,X2,1.37,pinnacle,3,0.7206,0.04,2.46,3.83,1.33,pinnacle:1.37; betsson:1.33; codere_it:1.29,E3_Sharp_Validation,4
AEL vs OFI Crete,2025-11-24 13:00:00,Super League,Goles (Over/Under),Over 2.5,2.04,pinnacle,2,0.7049,0.07,3.55,3.66,1.97,pinnacle:2.04; codere_it:1.9,E1_Margen_Bajo,4
AEL vs OFI Crete,2025-11-24 13:00:00,Super League,Goles (Over/Under),Under 2.5,1.83,pinnacle,2,0.7049,0.025,1.39,3.66,1.805,pinnacle:1.83; codere_it:1.78,E1_Margen_Bajo,4
AEL vs OFI Crete,2025-11-24 13:00:00,Super League,Goles (Over/Under),Over 2.5,2.04,pinnacle,2,0.7049,0.07,3.55,3.66,1.97,pinnacle:2.04; codere_it:1.9,E3_Sharp_Validation,4
AEL vs OFI Crete,2025-11-24 13:00:00,Super League,Goles (Over/Under),Under 2.5,1.83,pinnacle,2,0.7049,0.025,1.39,3.66,1.805,pinnacle:1.83; codere_it:1.78,E3_Sharp_Validation,4
Stade de Reims vs Montpellier,2025-11-24 14:45:00,Ligue 2,Doble Chance,1X,1.3,pinnacle,4,0.6787,0.0225,1.16,4.45,1.2775,pinnacle:1.3; betsson:1.28; codere_it:1.27; marathonbet:1.26,E3_Sharp_Validation,4
Everton vs Newcastle United,2025-11-29 12:30:00,EPL,Goles (Over/Under),Over 2.5,2.07,pinnacle,3,0.6542,0.05,2.02,2.95,2.02,pinnacle:2.07; betsson:2.02; codere_it:1.97,E1_Margen_Bajo,4
Everton vs Newcastle United,2025-11-29 12:30:00,EPL,Goles (Over/Under),Under 2.5,1.83,pinnacle,3,0.6542,0.0233,1.14,2.95,1.8067,pinnacle:1.83; codere_it:1.81; betsson:1.78,E1_Margen_Bajo,4
Everton vs Newcastle United,2025-11-29 12:30:00,EPL,Goles (Over/Under),Over 2.5,2.07,pinnacle,3,0.6542,0.05,2.02,2.95,2.02,pinnacle:2.07; betsson:2.02; codere_it:1.97,E3_Sharp_Validation,4
Everton vs Newcastle United,2025-11-29 12:30:00,EPL,Goles (Over/Under),Under 2.5,1.83,pinnacle,3,0.6542,0.0233,1.14,2.95,1.8067,pinnacle:1.83; codere_it:1.81; betsson:1.78,E3_Sharp_Validation,4
Internacional vs Santos,2025-11-24 19:00:00,Brasileirão,Doble Chance,1X,1.32,pinnacle,5,0.648,0.0253,1.18,3.75,1.2947,pinnacle:1.32; bwin:1.3037; betsson:1.29; marathonbet:1.28; codere_it:1.28,E1_Margen_Bajo,4
Internacional vs Santos,2025-11-24 19:00:00,Brasileirão,Doble Chance,X2,1.7,pinnacle,5,0.648,0.0463,1.61,3.75,1.6537,pinnacle:1.7; codere_it:1.66; bwin:1.6485; marathonbet:1.64; betsson:1.62,E1_Margen_Bajo,4
Internacional vs Santos,2025-11-24 19:00:00,Brasileirão,Doble Chance,1X,1.32,pinnacle,5,0.648,0.0253,1.18,3.75,1.2947,pinnacle:1.32; bwin:1.3037; betsson:1.29; marathonbet:1.28; codere_it:1.28,E3_Sharp_Validation,4
Internacional vs Santos,2025-11-24 19:00:00,Brasileirão,Doble Chance,X2,1.7,pinnacle,5,0.648,0.0463,1.61,3.75,1.6537,pinnacle:1.7; codere_it:1.66; bwin:1.6485; marathonbet:1.64; betsson:1.62,E3_Sharp_Validation,4
Pogoń Szczecin vs Zagłębie Lubin,2025-11-24 13:00:00,Ekstraklasa,Doble Chance,1X,1.23,pinnacle,4,0.633,0.015,1.23,4.66,1.215,pinnacle:1.23; betsson:1.23; marathonbet:1.2; codere_it:1.2,E3_Sharp_Validation,4
Pogoń Szczecin vs Zagłębie Lubin,2025-11-24 13:00:00,Ekstraklasa,Doble Chance,X2,1.96,pinnacle,4,0.633,0.075,2.97,4.66,1.885,pinnacle:1.96; marathonbet:1.91; betsson:1.86; codere_it:1.81,E3_Sharp_Validation,4
Ñublense vs Huachipato,2025-11-24 18:00:00,Primera División,Goles (Over/Under),Over 2.5,1.94,pinnacle,3,0.6231,0.0367,1.38,3.9,1.9033,pinnacle:1.94; codere_it:1.89; betsson:1.88,E1_Margen_Bajo,4
Ñublense vs Huachipato,2025-11-24 18:00:00,Primera División,Goles (Over/Under),Under 2.5,1.91,pinnacle,3,0.6231,0.05,2.01,3.9,1.86,pinnacle:1.91; betsson:1.85; codere_it:1.82,E1_Margen_Bajo,4
Ñublense vs Huachipato,2025-11-24 18:00:00,Primera División,Goles (Over/Under),Over 2.5,1.94,pinnacle,3,0.6231,0.0367,1.38,3.9,1.9033,pinnacle:1.94; codere_it:1.89; betsson:1.88,E3_Sharp_Validation,4
Ñublense vs Huachipato,2025-11-24 18:00:00,Primera División,Goles (Over/Under),Under 2.5,1.91,pinnacle,3,0.6231,0.05,2.01,3.9,1.86,pinnacle:1.91; betsson:1.85; codere_it:1.82,E3_Sharp_Validation,4
AEL vs OFI Crete,2025-11-24 13:00:00,Super League,Doble Chance,1X,1.35,pinnacle,2,0.6185,0.015,1.12,4.43,1.335,pinnacle:1.35; codere_it:1.32,E3_Sharp_Validation,4
AEL vs OFI Crete,2025-11-24 13:00:00,Super League,Doble Chance,X2,1.61,pinnacle,2,0.6185,0.03,1.9,4.43,1.58,pinnacle:1.61; codere_it:1.55,E3_Sharp_Validation,4
Paris FC vs Auxerre,2025-11-29 13:00:00,Ligue 1,Goles (Over/Under),Over 2.5,1.87,pinnacle,3,0.6107,0.0333,1.28,2.98,1.8367,pinnacle:1.87; betsson:1.82; codere_it:1.82,E1_Margen_Bajo,4
Paris FC vs Auxerre,2025-11-29 13:00:00,Ligue 1,Goles (Over/Under),Under 2.5,2.02,pinnacle,3,0.6107,0.0333,1.26,2.98,1.9867,pinnacle:2.02; betsson:1.98; codere_it:1.96,E1_Margen_Bajo,4
Brentford vs Burnley,2025-11-29 10:00:00,EPL,Goles (Over/Under),Over 2.5,1.87,pinnacle,3,0.6107,0.0333,1.28,2.98,1.8367,pinnacle:1.87; betsson:1.82; codere_it:1.82,E1_Margen_Bajo,4
Brentford vs Burnley,2025-11-29 10:00:00,EPL,Goles (Over/Under),Under 2.5,2.02,pinnacle,3,0.6107,0.0333,1.26,2.98,1.9867,pinnacle:2.02; betsson:1.98; codere_it:1.96,E1_Margen_Bajo,4
Paris FC vs Auxerre,2025-11-29 13:00:00,Ligue 1,Goles (Over/Under),Over 2.5,1.87,pinnacle,3,0.6107,0.0333,1.28,2.98,1.8367,pinnacle:1.87; betsson:1.82; codere_it:1.82,E3_Sharp_Validation,4
Paris FC vs Auxerre,2025-11-29 13:00:00,Ligue 1,Goles (Over/Under),Under 2.5,2.02,pinnacle,3,0.6107,0.0333,1.26,2.98,1.9867,pinnacle:2.02; betsson:1.98; codere_it:1.96,E3_Sharp_Validation,4
Brentford vs Burnley,2025-11-29 10:00:00,EPL,Goles (Over/Under),Over 2.5,1.87,pinnacle,3,0.6107,0.0333,1.28,2.98,1.8367,pinnacle:1.87; betsson:1.82; codere_it:1.82,E3_Sharp_Validation,4
Brentford vs Burnley,2025-11-29 10:00:00,EPL,Goles (Over/Under),Under 2.5,2.02,pinnacle,3,0.6107,0.0333,1.26,2.98,1.9867,pinnacle:2.02; betsson:1.98; codere_it:1.96,E3_Sharp_Validation,4
Tottenham Hotspur vs Fulham,2025-11-29 15:00:00,EPL,Goles (Over/Under),Over 2.5,1.87,pinnacle,3,0.604,0.0267,1.35,2.98,1.8433,pinnacle:1.87; betsson:1.85; codere_it:1.81,E1_Margen_Bajo,4
Tottenham Hotspur vs Fulham,2025-11-29 15:00:00,EPL,Goles (Over/Under),Under 2.5,2.02,pinnacle,3,0.604,0.04,1.49,2.98,1.98,pinnacle:2.02; codere_it:1.97; betsson:1.95,E1_Margen_Bajo,4
Tottenham Hotspur vs Fulham,2025-11-29 15:00:00,EPL,Goles (Over/Under),Over 2.5,1.87,pinnacle,3,0.604,0.0267,1.35,2.98,1.8433,pinnacle:1.87; betsson:1.85; codere_it:1.81,E3_Sharp_Validation,4
Tottenham Hotspur vs Fulham,2025-11-29 15:00:00,EPL,Goles (Over/Under),Under 2.5,2.02,pinnacle,3,0.604,0.04,1.49,2.98,1.98,pinnacle:2.02; codere_it:1.97; betsson:1.95,E3_Sharp_Validation,4
Mirassol vs Ceará,2025-11-24 17:00:00,Brasileirão,Doble Chance,X2,2.29,pinnacle,4,0.5784,0.1075,2.87,3.89,2.1825,pinnacle:2.29; codere_it:2.16; betsson:2.14; marathonbet:2.14,E1_Margen_Bajo,4
Mirassol vs Ceará,2025-11-24 17:00:00,Brasileirão,Doble Chance,X2,2.29,pinnacle,4,0.5784,0.1075,2.87,3.89,2.1825,pinnacle:2.29; codere_it:2.16; betsson:2.14; marathonbet:2.14,E3_Sharp_Validation,4
Real Sociedad vs Villarreal,2025-11-30 08:00:00,La Liga,Goles (Over/Under),Over 2.5,1.85,pinnacle,3,0.5783,0.0167,0.68,3.32,1.8333,pinnacle:1.85; codere_it:1.83; betsson:1.82,E1_Margen_Bajo,4
Real Sociedad vs Villarreal,2025-11-30 08:00:00,La Liga,Goles (Over/Under),Under 2.5,2.03,pinnacle,3,0.5783,0.0567,2.04,3.32,1.9733,pinnacle:2.03; betsson:1.95; codere_it:1.94,E1_Margen_Bajo,4
Real Sociedad vs Villarreal,2025-11-30 08:00:00,La Liga,Goles (Over/Under),Over 2.5,1.85,pinnacle,3,0.5783,0.0167,0.68,3.32,1.8333,pinnacle:1.85; codere_it:1.83; betsson:1.82,E3_Sharp_Validation,4
Real Sociedad vs Villarreal,2025-11-30 08:00:00,La Liga,Goles (Over/Under),Under 2.5,2.03,pinnacle,3,0.5783,0.0567,2.04,3.32,1.9733,pinnacle:2.03; betsson:1.95; codere_it:1.94,E3_Sharp_Validation,4
SC Freiburg vs FSV Mainz 05,2025-11-30 13:30:00,Bundesliga,Goles (Over/Under),Over 2.5,2.04,pinnacle,3,0.5757,0.0367,1.93,3.37,2.0033,pinnacle:2.04; betsson:2.02; codere_it:1.95,E1_Margen_Bajo,4
SC Freiburg vs FSV Mainz 05,2025-11-30 13:30:00,Bundesliga,Goles (Over/Under),Under 2.5,1.84,pinnacle,3,0.5757,0.0333,2.23,3.37,1.8067,pinnacle:1.84; codere_it:1.83; betsson:1.75,E1_Margen_Bajo,4
SC Freiburg vs FSV Mainz 05,2025-11-30 13:30:00,Bundesliga,Goles (Over/Under),Over 2.5,2.04,pinnacle,3,0.5757,0.0367,1.93,3.37,2.0033,pinnacle:2.04; betsson:2.02; codere_it:1.95,E3_Sharp_Validation,4
SC Freiburg vs FSV Mainz 05,2025-11-30 13:30:00,Bundesliga,Goles (Over/Under),Under 2.5,1.84,pinnacle,3,0.5757,0.0333,2.23,3.37,1.8067,pinnacle:1.84; codere_it:1.83; betsson:1.75,E3_Sharp_Validation,4
Barcelona vs Alavés,2025-11-29 10:15:00,La Liga,Goles (Over/Under),Over 3.5,1.97,pinnacle,3,0.5634,0.01,0.42,3.39,1.96,pinnacle:1.97; codere_it:1.96; betsson:1.95,E1_Margen_Bajo,4
Barcelona vs Alavés,2025-11-29 10:15:00,La Liga,Goles (Over/Under),Under 3.5,1.9,pinnacle,3,0.5634,0.0567,2.18,3.39,1.8433,pinnacle:1.9; betsson:1.82; codere_it:1.81,E1_Margen_Bajo,4
Barcelona vs Alavés,2025-11-29 10:15:00,La Liga,Goles (Over/Under),Over 3.5,1.97,pinnacle,3,0.5634,0.01,0.42,3.39,1.96,pinnacle:1.97; codere_it:1.96; betsson:1.95,E3_Sharp_Validation,4
Barcelona vs Alavés,2025-11-29 10:15:00,La Liga,Goles (Over/Under),Under 3.5,1.9,pinnacle,3,0.5634,0.0567,2.18,3.39,1.8433,pinnacle:1.9; betsson:1.82; codere_it:1.81,E3_Sharp_Validation,4
Strasbourg vs Brest,2025-11-30 09:00:00,Ligue 1,Goles (Over/Under),Over 2.5,1.85,pinnacle,3,0.5542,0.0167,0.68,3.32,1.8333,pinnacle:1.85; codere_it:1.83; betsson:1.82,E1_Margen_Bajo,4
Strasbourg vs Brest,2025-11-30 09:00:00,Ligue 1,Goles (Over/Under),Under 2.5,2.03,pinnacle,3,0.5542,0.0533,1.91,3.32,1.9767,pinnacle:2.03; betsson:1.95; codere_it:1.95,E1_Margen_Bajo,4
Strasbourg vs Brest,2025-11-30 09:00:00,Ligue 1,Goles (Over/Under),Over 2.5,1.85,pinnacle,3,0.5542,0.0167,0.68,3.32,1.8333,pinnacle:1.85; codere_it:1.83; betsson:1.82,E3_Sharp_Validation,4
Strasbourg vs Brest,2025-11-30 09:00:00,Ligue 1,Goles (Over/Under),Under 2.5,2.03,pinnacle,3,0.5542,0.0533,1.91,3.32,1.9767,pinnacle:2.03; betsson:1.95; codere_it:1.95,E3_Sharp_Validation,4
Sunderland vs Bournemouth,2025-11-29 10:00:00,EPL,Goles (Over/Under),Over 2.5,1.98,pinnacle,3,0.5478,0.0333,1.47,3.14,1.9467,pinnacle:1.98; betsson:1.95; codere_it:1.91,E1_Margen_Bajo,4
Sunderland vs Bournemouth,2025-11-29 10:00:00,EPL,Goles (Over/Under),Under 2.5,1.9,pinnacle,3,0.5478,0.03,1.16,3.14,1.87,pinnacle:1.9; codere_it:1.86; betsson:1.85,E1_Margen_Bajo,4
Sunderland vs Bournemouth,2025-11-29 10:00:00,EPL,Goles (Over/Under),Over 2.5,1.98,pinnacle,3,0.5478,0.0333,1.47,3.14,1.9467,pinnacle:1.98; betsson:1.95; codere_it:1.91,E3_Sharp_Validation,4
Sunderland vs Bournemouth,2025-11-29 10:00:00,EPL,Goles (Over/Under),Under 2.5,1.9,pinnacle,3,0.5478,0.03,1.16,3.14,1.87,pinnacle:1.9; codere_it:1.86; betsson:1.85,E3_Sharp_Validation,4
Union Berlin vs 1. FC Heidenheim,2025-11-29 09:30:00,Bundesliga,Doble Chance,1X,1.18,marathonbet,5,0.5437,0.015,0.86,3.09,1.165,marathonbet:1.18; pinnacle:1.17; bwin:1.165; codere_it:1.16; betsson:1.15,E1_Margen_Bajo,4
Union Berlin vs 1. FC Heidenheim,2025-11-29 09:30:00,Bundesliga,Doble Chance,1X,1.18,marathonbet,5,0.5437,0.015,0.86,3.09,1.165,marathonbet:1.18; pinnacle:1.17; bwin:1.165; codere_it:1.16; betsson:1.15,E3_Sharp_Validation,4
Ñublense vs Huachipato,2025-11-24 18:00:00,Primera División,Doble Chance,1X,1.31,pinnacle,4,0.5425,0.02,1.23,4.59,1.29,pinnacle:1.31; betsson:1.3; marathonbet:1.28; codere_it:1.27,E3_Sharp_Validation,4
Ñublense vs Huachipato,2025-11-24 18:00:00,Primera División,Doble Chance,X2,1.76,pinnacle,4,0.5425,0.0675,2.55,4.59,1.6925,pinnacle:1.76; betsson:1.7; marathonbet:1.66; codere_it:1.65,E3_Sharp_Validation,4
Brisbane Roar vs Melbourne Victory,2025-11-28 03:35:00,A-League,Goles (Over/Under),Over 2.5,1.92,pinnacle,3,0.5372,0.0367,1.52,4.17,1.8833,pinnacle:1.92; betsson:1.88; codere_it:1.85,E3_Sharp_Validation,4
Brisbane Roar vs Melbourne Victory,2025-11-28 03:35:00,A-League,Goles (Over/Under),Under 2.5,1.92,pinnacle,3,0.5372,0.0433,1.65,4.17,1.8767,pinnacle:1.92; codere_it:1.86; betsson:1.85,E3_Sharp_Validation,4
1. FC Magdeburg vs 1. FC Nürnberg,2025-11-29 14:30:00,Bundesliga 2,Doble Chance,1X,1.45,pinnacle,4,0.5368,0.03,1.32,4.75,1.42,pinnacle:1.45; marathonbet:1.42; betsson:1.41; codere_it:1.4,E3_Sharp_Validation,4
1. FC Magdeburg vs 1. FC Nürnberg,2025-11-29 14:30:00,Bundesliga 2,Doble Chance,X2,1.57,pinnacle,4,0.5368,0.0275,1.16,4.75,1.5425,pinnacle:1.57; marathonbet:1.54; betsson:1.54; codere_it:1.52,E3_Sharp_Validation,4
Racing Club vs River Plate,2025-11-24 17:15:00,Primera División,Doble Chance,1X,1.47,pinnacle,4,0.5333,0.029,2.01,3.9,1.441,pinnacle:1.47; betsson:1.47; bwin:1.414; marathonbet:1.41,E1_Margen_Bajo,4
Racing Club vs River Plate,2025-11-24 17:15:00,Primera División,Doble Chance,X2,1.46,pinnacle,4,0.5333,0.0167,0.75,3.9,1.4433,pinnacle:1.46; bwin:1.4431; betsson:1.44; marathonbet:1.43,E1_Margen_Bajo,4
Racing Club vs River Plate,2025-11-24 17:15:00,Primera División,Doble Chance,1X,1.47,pinnacle,4,0.5333,0.029,2.01,3.9,1.441,pinnacle:1.47; betsson:1.47; bwin:1.414; marathonbet:1.41,E3_Sharp_Validation,4
Racing Club vs River Plate,2025-11-24 17:15:00,Primera División,Doble Chance,X2,1.46,pinnacle,4,0.5333,0.0167,0.75,3.9,1.4433,pinnacle:1.46; bwin:1.4431; betsson:1.44; marathonbet:1.43,E3_Sharp_Validation,4
AD Ceuta FC vs Burgos CF,2025-11-29 08:00:00,La Liga 2,Doble Chance,X2,1.61,pinnacle,4,0.5282,0.0538,2.08,4.96,1.5562,pinnacle:1.61; betsson:1.55; marathonbet:1.54; bwin:1.5246,E3_Sharp_Validation,4
FC Schalke 04 vs SC Paderborn,2025-11-28 12:30:00,Bundesliga 2,Goles (Over/Under),Over 2.5,1.98,pinnacle,3,0.5241,0.0633,2.35,4.56,1.9167,pinnacle:1.98; codere_it:1.89; betsson:1.88,E3_Sharp_Validation,4
FC Schalke 04 vs SC Paderborn,2025-11-28 12:30:00,Bundesliga 2,Goles (Over/Under),Under 2.5,1.85,pinnacle,3,0.5241,0.0233,0.93,4.56,1.8267,pinnacle:1.85; betsson:1.82; codere_it:1.81,E3_Sharp_Validation,4
Greuther Fürth vs VfL Bochum,2025-11-29 07:00:00,Bundesliga 2,Doble Chance,1X,1.64,pinnacle,4,0.5207,0.0375,1.42,4.84,1.6025,pinnacle:1.64; marathonbet:1.6; betsson:1.59; codere_it:1.58,E3_Sharp_Validation,4
Greuther Fürth vs VfL Bochum,2025-11-29 07:00:00,Bundesliga 2,Doble Chance,X2,1.42,pinnacle,4,0.5207,0.0375,1.65,4.84,1.3825,pinnacle:1.42; marathonbet:1.38; betsson:1.37; codere_it:1.36,E3_Sharp_Validation,4
Como vs Sassuolo,2025-11-28 14:45:00,Serie A,Goles (Over/Under),Over 2.5,2.01,pinnacle,3,0.5204,0.0333,1.26,2.94,1.9767,pinnacle:2.01; codere_it:1.97; betsson:1.95,E1_Margen_Bajo,4
Como vs Sassuolo,2025-11-28 14:45:00,Serie A,Goles (Over/Under),Under 2.5,1.88,pinnacle,3,0.5204,0.0233,1.41,2.94,1.8567,pinnacle:1.88; codere_it:1.87; betsson:1.82,E1_Margen_Bajo,4
Como vs Sassuolo,2025-11-28 14:45:00,Serie A,Goles (Over/Under),Over 2.5,2.01,pinnacle,3,0.5204,0.0333,1.26,2.94,1.9767,pinnacle:2.01; codere_it:1.97; betsson:1.95,E3_Sharp_Validation,4
Como vs Sassuolo,2025-11-28 14:45:00,Serie A,Goles (Over/Under),Under 2.5,1.88,pinnacle,3,0.5204,0.0233,1.41,2.94,1.8567,pinnacle:1.88; codere_it:1.87; betsson:1.82,E3_Sharp_Validation,4
Le Havre vs Lille,2025-11-30 11:15:00,Ligue 1,Goles (Over/Under),Over 2.5,1.97,pinnacle,3,0.5192,0.0267,1.28,3.39,1.9433,pinnacle:1.97; betsson:1.95; codere_it:1.91,E1_Margen_Bajo,4
Le Havre vs Lille,2025-11-30 11:15:00,Ligue 1,Goles (Over/Under),Under 2.5,1.9,pinnacle,3,0.5192,0.0367,1.77,3.39,1.8633,pinnacle:1.9; codere_it:1.87; betsson:1.82,E1_Margen_Bajo,4
Le Havre vs Lille,2025-11-30 11:15:00,Ligue 1,Goles (Over/Under),Over 2.5,1.97,pinnacle,3,0.5192,0.0267,1.28,3.39,1.9433,pinnacle:1.97; betsson:1.95; codere_it:1.91,E3_Sharp_Validation,4
Le Havre vs Lille,2025-11-30 11:15:00,Ligue 1,Goles (Over/Under),Under 2.5,1.9,pinnacle,3,0.5192,0.0367,1.77,3.39,1.8633,pinnacle:1.9; codere_it:1.87; betsson:1.82,E3_Sharp_Validation,4
Elversberg vs SV Darmstadt 98,2025-11-30 07:30:00,Bundesliga 2,Doble Chance,1X,1.35,pinnacle,4,0.5181,0.0275,1.45,4.98,1.3225,pinnacle:1.35; marathonbet:1.33; betsson:1.31; codere_it:1.3,E3_Sharp_Validation,4
Elversberg vs SV Darmstadt 98,2025-11-30 07:30:00,Bundesliga 2,Doble Chance,X2,1.7,pinnacle,4,0.5181,0.0275,1.07,4.98,1.6725,pinnacle:1.7; betsson:1.67; marathonbet:1.67; codere_it:1.65,E3_Sharp_Validation,4
Randers FC vs OB Odense BK,2025-11-24 13:00:00,Superliga,Doble Chance,1X,1.39,pinnacle,3,0.5052,0.0167,0.91,3.84,1.3733,pinnacle:1.39; betsson:1.37; marathonbet:1.36,E1_Margen_Bajo,4
Randers FC vs OB Odense BK,2025-11-24 13:00:00,Superliga,Doble Chance,X2,1.66,pinnacle,3,0.5052,0.0333,1.53,3.84,1.6267,pinnacle:1.66; betsson:1.62; marathonbet:1.6,E1_Margen_Bajo,4
Randers FC vs OB Odense BK,2025-11-24 13:00:00,Superliga,Doble Chance,1X,1.39,pinnacle,3,0.5052,0.0167,0.91,3.84,1.3733,pinnacle:1.39; betsson:1.37; marathonbet:1.36,E3_Sharp_Validation,4
Randers FC vs OB Odense BK,2025-11-24 13:00:00,Superliga,Doble Chance,X2,1.66,pinnacle,3,0.5052,0.0333,1.53,3.84,1.6267,pinnacle:1.66; betsson:1.62; marathonbet:1.6,E3_Sharp_Validation,4
Sevilla vs Real Betis,2025-11-30 10:15:00,La Liga,Goles (Over/Under),Over 2.5,2.01,pinnacle,3,0.4929,0.0367,1.33,3.51,1.9733,pinnacle:2.01; codere_it:1.96; betsson:1.95,E1_Margen_Bajo,4
Sevilla vs Real Betis,2025-11-30 10:15:00,La Liga,Goles (Over/Under),Under 2.5,1.86,pinnacle,3,0.4929,0.0267,1.03,3.51,1.8333,pinnacle:1.86; betsson:1.82; codere_it:1.82,E1_Margen_Bajo,4
Sevilla vs Real Betis,2025-11-30 10:15:00,La Liga,Goles (Over/Under),Over 2.5,2.01,pinnacle,3,0.4929,0.0367,1.33,3.51,1.9733,pinnacle:2.01; codere_it:1.96; betsson:1.95,E3_Sharp_Validation,4
Sevilla vs Real Betis,2025-11-30 10:15:00,La Liga,Goles (Over/Under),Under 2.5,1.86,pinnacle,3,0.4929,0.0267,1.03,3.51,1.8333,pinnacle:1.86; betsson:1.82; codere_it:1.82,E3_Sharp_Validation,4
Holstein Kiel vs Hertha Berlin,2025-11-29 07:00:00,Bundesliga 2,Doble Chance,1X,1.44,pinnacle,4,0.4899,0.0325,1.36,4.94,1.4075,pinnacle:1.44; marathonbet:1.4; betsson:1.4; codere_it:1.39,E3_Sharp_Validation,4
Holstein Kiel vs Hertha Berlin,2025-11-29 07:00:00,Bundesliga 2,Doble Chance,X2,1.56,pinnacle,4,0.4899,0.025,1.34,4.94,1.535,pinnacle:1.56; marathonbet:1.55; betsson:1.52; codere_it:1.51,E3_Sharp_Validation,4
Sporting Gijón vs Andorra CF,2025-11-28 14:30:00,La Liga 2,Doble Chance,X2,1.77,pinnacle,4,0.4863,0.0625,2.36,5.1,1.7075,pinnacle:1.77; marathonbet:1.71; betsson:1.69; codere_it:1.66,E3_Sharp_Validation,4
Eintracht Braunschweig vs 1. FC Kaiserslautern,2025-11-29 07:00:00,Bundesliga 2,Doble Chance,1X,1.64,pinnacle,4,0.4776,0.0475,1.85,4.9,1.5925,pinnacle:1.64; marathonbet:1.59; betsson:1.58; codere_it:1.56,E3_Sharp_Validation,4
Eintracht Braunschweig vs 1. FC Kaiserslautern,2025-11-29 07:00:00,Bundesliga 2,Doble Chance,X2,1.39,pinnacle,4,0.4776,0.02,0.89,4.9,1.37,pinnacle:1.39; betsson:1.37; marathonbet:1.36; codere_it:1.36,E3_Sharp_Validation,4
Deportivo Riestra vs Barracas Central,2025-11-24 15:00:00,Primera División,Doble Chance,X2,1.71,pinnacle,4,0.4704,0.0429,2.28,4.06,1.6671,pinnacle:1.71; betsson:1.7; marathonbet:1.63; bwin:1.6286,E3_Sharp_Validation,4
Angers vs RC Lens,2025-11-30 11:15:00,Ligue 1,Goles (Over/Under),Over 2.5,1.85,pinnacle,3,0.4699,0.03,1.35,3.32,1.82,pinnacle:1.85; betsson:1.82; codere_it:1.79,E1_Margen_Bajo,4
Angers vs RC Lens,2025-11-30 11:15:00,Ligue 1,Goles (Over/Under),Under 2.5,2.03,pinnacle,3,0.4699,0.0267,1.03,3.32,2.0033,pinnacle:2.03; codere_it:2.0; betsson:1.98,E1_Margen_Bajo,4
Angers vs RC Lens,2025-11-30 11:15:00,Ligue 1,Goles (Over/Under),Over 2.5,1.85,pinnacle,3,0.4699,0.03,1.35,3.32,1.82,pinnacle:1.85; betsson:1.82; codere_it:1.79,E3_Sharp_Validation,4
Angers vs RC Lens,2025-11-30 11:15:00,Ligue 1,Goles (Over/Under),Under 2.5,2.03,pinnacle,3,0.4699,0.0267,1.03,3.32,2.0033,pinnacle:2.03; codere_it:2.0; betsson:1.98,E3_Sharp_Validation,4
Eintracht Frankfurt vs VfL Wolfsburg,2025-11-30 11:30:00,Bundesliga,Doble Chance,1X,1.22,marathonbet,4,0.4592,0.01,1.01,2.94,1.21,marathonbet:1.22; betsson:1.22; pinnacle:1.21; codere_it:1.19,E1_Margen_Bajo,4
Eintracht Frankfurt vs VfL Wolfsburg,2025-11-30 11:30:00,Bundesliga,Doble Chance,X2,2.32,marathonbet,4,0.4592,0.0525,1.48,2.94,2.2675,marathonbet:2.32; pinnacle:2.27; codere_it:2.25; betsson:2.23,E1_Margen_Bajo,4
Eintracht Frankfurt vs VfL Wolfsburg,2025-11-30 11:30:00,Bundesliga,Doble Chance,1X,1.22,marathonbet,4,0.4592,0.01,1.01,2.94,1.21,marathonbet:1.22; betsson:1.22; pinnacle:1.21; codere_it:1.19,E3_Sharp_Validation,4
Eintracht Frankfurt vs VfL Wolfsburg,2025-11-30 11:30:00,Bundesliga,Doble Chance,X2,2.32,marathonbet,4,0.4592,0.0525,1.48,2.94,2.2675,marathonbet:2.32; pinnacle:2.27; codere_it:2.25; betsson:2.23,E3_Sharp_Validation,4
Palermo vs Carrarese,2025-11-29 13:30:00,Serie B,Goles (Over/Under),Over 2.5,1.98,pinnacle,2,0.459,0.04,2.06,4.27,1.94,pinnacle:1.98; betsson:1.9,E3_Sharp_Validation,4
Palermo vs Carrarese,2025-11-29 13:30:00,Serie B,Goles (Over/Under),Under 2.5,1.86,pinnacle,2,0.459,0.03,1.64,4.27,1.83,pinnacle:1.86; betsson:1.8,E3_Sharp_Validation,4
Dynamo Dresden vs Fortuna Düsseldorf,2025-11-30 07:30:00,Bundesliga 2,Doble Chance,1X,1.43,pinnacle,3,0.4555,0.0267,1.34,4.72,1.4033,pinnacle:1.43; betsson:1.39; marathonbet:1.39,E3_Sharp_Validation,4
Dynamo Dresden vs Fortuna Düsseldorf,2025-11-30 07:30:00,Bundesliga 2,Doble Chance,X2,1.55,pinnacle,3,0.4555,0.0267,1.35,4.72,1.5233,pinnacle:1.55; marathonbet:1.52; betsson:1.5,E3_Sharp_Validation,4
Western Sydney Wanderers vs Sydney FC,2025-11-29 03:35:00,A-League,Doble Chance,1X,1.64,pinnacle,5,0.4536,0.0543,2.02,5.07,1.5857,pinnacle:1.64; betsson:1.6; bwin:1.5785; marathonbet:1.56; codere_it:1.55,E3_Sharp_Validation,4
Real Racing Club de Santander vs SD Eibar,2025-11-30 10:15:00,La Liga 2,Goles (Over/Under),Over 2.5,1.85,pinnacle,2,0.4501,0.025,1.37,4.31,1.825,pinnacle:1.85; betsson:1.8,E3_Sharp_Validation,4
Real Racing Club de Santander vs SD Eibar,2025-11-30 10:15:00,La Liga 2,Goles (Over/Under),Under 2.5,1.99,pinnacle,2,0.4501,0.045,2.31,4.31,1.945,pinnacle:1.99; betsson:1.9,E3_Sharp_Validation,4
Aston Villa vs Wolverhampton Wanderers,2025-11-30 09:05:00,EPL,Goles (Over/Under),Over 2.5,1.83,pinnacle,3,0.449,0.0267,1.14,3.43,1.8033,pinnacle:1.83; codere_it:1.8; betsson:1.78,E1_Margen_Bajo,4
Aston Villa vs Wolverhampton Wanderers,2025-11-30 09:05:00,EPL,Goles (Over/Under),Under 2.5,2.05,pinnacle,3,0.449,0.03,1.21,3.43,2.02,pinnacle:2.05; betsson:2.02; codere_it:1.99,E1_Margen_Bajo,4
Aston Villa vs Wolverhampton Wanderers,2025-11-30 09:05:00,EPL,Goles (Over/Under),Over 2.5,1.83,pinnacle,3,0.449,0.0267,1.14,3.43,1.8033,pinnacle:1.83; codere_it:1.8; betsson:1.78,E3_Sharp_Validation,4
Aston Villa vs Wolverhampton Wanderers,2025-11-30 09:05:00,EPL,Goles (Over/Under),Under 2.5,2.05,pinnacle,3,0.449,0.03,1.21,3.43,2.02,pinnacle:2.05; betsson:2.02; codere_it:1.99,E3_Sharp_Validation,4
Sevilla vs Real Betis,2025-11-30 10:15:00,La Liga,Doble Chance,1X,1.61,marathonbet,4,0.4437,0.01,0.77,3.11,1.6,marathonbet:1.61; pinnacle:1.61; betsson:1.6; codere_it:1.58,E1_Margen_Bajo,4
Sevilla vs Real Betis,2025-11-30 10:15:00,La Liga,Doble Chance,X2,1.44,marathonbet,4,0.4437,0.0225,1.26,3.11,1.4175,marathonbet:1.44; pinnacle:1.43; betsson:1.4; codere_it:1.4,E1_Margen_Bajo,4
Sevilla vs Real Betis,2025-11-30 10:15:00,La Liga,Doble Chance,1X,1.61,marathonbet,4,0.4437,0.01,0.77,3.11,1.6,marathonbet:1.61; pinnacle:1.61; betsson:1.6; codere_it:1.58,E3_Sharp_Validation,4
Sevilla vs Real Betis,2025-11-30 10:15:00,La Liga,Doble Chance,X2,1.44,marathonbet,4,0.4437,0.0225,1.26,3.11,1.4175,marathonbet:1.44; pinnacle:1.43; betsson:1.4; codere_it:1.4,E3_Sharp_Validation,4
Chelsea vs Arsenal,2025-11-30 11:30:00,EPL,Goles (Over/Under),Over 2.5,1.99,pinnacle,3,0.4419,0.0433,1.89,3.44,1.9467,pinnacle:1.99; betsson:1.95; codere_it:1.9,E1_Margen_Bajo,4
Chelsea vs Arsenal,2025-11-30 11:30:00,EPL,Goles (Over/Under),Under 2.5,1.88,pinnacle,3,0.4419,0.0133,0.67,3.44,1.8667,pinnacle:1.88; codere_it:1.87; betsson:1.85,E1_Margen_Bajo,4
Chelsea vs Arsenal,2025-11-30 11:30:00,EPL,Goles (Over/Under),Over 2.5,1.99,pinnacle,3,0.4419,0.0433,1.89,3.44,1.9467,pinnacle:1.99; betsson:1.95; codere_it:1.9,E3_Sharp_Validation,4
Chelsea vs Arsenal,2025-11-30 11:30:00,EPL,Goles (Over/Under),Under 2.5,1.88,pinnacle,3,0.4419,0.0133,0.67,3.44,1.8667,pinnacle:1.88; codere_it:1.87; betsson:1.85,E3_Sharp_Validation,4
Arminia Bielefeld vs SC Preußen Münster,2025-11-30 07:30:00,Bundesliga 2,Doble Chance,1X,1.24,pinnacle,4,0.4397,0.0225,1.21,5.14,1.2175,pinnacle:1.24; marathonbet:1.22; betsson:1.21; codere_it:1.2,E3_Sharp_Validation,4
Arminia Bielefeld vs SC Preußen Münster,2025-11-30 07:30:00,Bundesliga 2,Doble Chance,X2,1.98,pinnacle,4,0.4397,0.0575,1.82,5.14,1.9225,pinnacle:1.98; marathonbet:1.92; betsson:1.9; codere_it:1.89,E3_Sharp_Validation,4
Empoli vs Bari,2025-11-29 09:00:00,Serie B,Doble Chance,1X,1.29,pinnacle,4,0.4325,0.0058,0.34,5.04,1.2842,pinnacle:1.29; bwin:1.2868; marathonbet:1.28; betsson:1.28,E3_Sharp_Validation,4
Empoli vs Bari,2025-11-29 09:00:00,Serie B,Doble Chance,X2,1.69,pinnacle,4,0.4325,0.0534,2.33,5.04,1.6366,pinnacle:1.69; marathonbet:1.65; betsson:1.62; bwin:1.5866,E3_Sharp_Validation,4
Celta Vigo vs Espanyol,2025-11-30 12:30:00,La Liga,Goles (Over/Under),Over 2.5,2.01,pinnacle,3,0.4274,0.02,0.71,3.51,1.99,pinnacle:2.01; betsson:1.98; codere_it:1.98,E1_Margen_Bajo,4
Celta Vigo vs Espanyol,2025-11-30 12:30:00,La Liga,Goles (Over/Under),Under 2.5,1.86,pinnacle,3,0.4274,0.0333,1.37,3.51,1.8267,pinnacle:1.86; betsson:1.82; codere_it:1.8,E1_Margen_Bajo,4
Celta Vigo vs Espanyol,2025-11-30 12:30:00,La Liga,Goles (Over/Under),Over 2.5,2.01,pinnacle,3,0.4274,0.02,0.71,3.51,1.99,pinnacle:2.01; betsson:1.98; codere_it:1.98,E3_Sharp_Validation,4
Celta Vigo vs Espanyol,2025-11-30 12:30:00,La Liga,Goles (Over/Under),Under 2.5,1.86,pinnacle,3,0.4274,0.0333,1.37,3.51,1.8267,pinnacle:1.86; betsson:1.82; codere_it:1.8,E3_Sharp_Validation,4
AE Kifisia FC vs Panserraikos FC,2025-11-29 12:30:00,Super League,Goles (Over/Under),Over 2.5,1.84,pinnacle,3,0.4268,0.0267,1.7,4.85,1.8133,pinnacle:1.84; betsson:1.83; codere_it:1.77,E3_Sharp_Validation,4
AE Kifisia FC vs Panserraikos FC,2025-11-29 12:30:00,Super League,Goles (Over/Under),Under 2.5,1.98,pinnacle,3,0.4268,0.0467,2.4,4.85,1.9333,pinnacle:1.98; betsson:1.95; codere_it:1.87,E3_Sharp_Validation,4
Barcelona vs Alavés,2025-11-29 10:15:00,La Liga,Doble Chance,1X,1.06,marathonbet,4,0.4263,0.0125,0.79,3.12,1.0475,marathonbet:1.06; codere_it:1.05; pinnacle:1.04; betsson:1.04,E1_Margen_Bajo,4
Barcelona vs Alavés,2025-11-29 10:15:00,La Liga,Doble Chance,1X,1.06,marathonbet,4,0.4263,0.0125,0.79,3.12,1.0475,marathonbet:1.06; codere_it:1.05; pinnacle:1.04; betsson:1.04,E3_Sharp_Validation,4
Paris FC vs Auxerre,2025-11-29 13:00:00,Ligue 1,Doble Chance,1X,1.24,marathonbet,4,0.4262,0.0075,0.67,3.05,1.2325,marathonbet:1.24; pinnacle:1.24; codere_it:1.23; betsson:1.22,E1_Margen_Bajo,4
Paris FC vs Auxerre,2025-11-29 13:00:00,Ligue 1,Doble Chance,X2,2.07,marathonbet,4,0.4262,0.0525,1.93,3.05,2.0175,marathonbet:2.07; pinnacle:2.04; betsson:1.98; codere_it:1.98,E1_Margen_Bajo,4
Paris FC vs Auxerre,2025-11-29 13:00:00,Ligue 1,Doble Chance,1X,1.24,marathonbet,4,0.4262,0.0075,0.67,3.05,1.2325,marathonbet:1.24; pinnacle:1.24; codere_it:1.23; betsson:1.22,E3_Sharp_Validation,4
Paris FC vs Auxerre,2025-11-29 13:00:00,Ligue 1,Doble Chance,X2,2.07,marathonbet,4,0.4262,0.0525,1.93,3.05,2.0175,marathonbet:2.07; pinnacle:2.04; betsson:1.98; codere_it:1.98,E3_Sharp_Validation,4
Shonan Bellmare vs Shimizu S Pulse,2025-11-30 00:00:00,J League,Doble Chance,1X,1.52,pinnacle,3,0.4235,0.02,1.09,4.77,1.5,pinnacle:1.52; marathonbet:1.5; betsson:1.48,E3_Sharp_Validation,4
Shonan Bellmare vs Shimizu S Pulse,2025-11-30 00:00:00,J League,Doble Chance,X2,1.48,pinnacle,3,0.4235,0.0467,2.3,4.77,1.4333,pinnacle:1.48; betsson:1.41; marathonbet:1.41,E3_Sharp_Validation,4
Fagiano Okayama vs Urawa Red Diamonds,2025-11-30 00:00:00,J League,Doble Chance,1X,1.58,pinnacle,3,0.4189,0.0333,1.61,4.75,1.5467,pinnacle:1.58; marathonbet:1.54; betsson:1.52,E3_Sharp_Validation,4
Fagiano Okayama vs Urawa Red Diamonds,2025-11-30 00:00:00,J League,Doble Chance,X2,1.38,pinnacle,3,0.4189,0.0267,1.39,4.75,1.3533,pinnacle:1.38; betsson:1.34; marathonbet:1.34,E3_Sharp_Validation,4
AS Monaco vs Paris Saint Germain,2025-11-29 11:00:00,Ligue 1,Doble Chance,X2,1.18,marathonbet,4,0.4175,0.0125,0.93,3.09,1.1675,marathonbet:1.18; pinnacle:1.17; codere_it:1.17; betsson:1.15,E1_Margen_Bajo,4
AS Monaco vs Paris Saint Germain,2025-11-29 11:00:00,Ligue 1,Doble Chance,X2,1.18,marathonbet,4,0.4175,0.0125,0.93,3.09,1.1675,marathonbet:1.18; pinnacle:1.17; codere_it:1.17; betsson:1.15,E3_Sharp_Validation,4
Avispa Fukuoka vs Gamba Osaka,2025-11-30 00:00:00,J League,Doble Chance,1X,1.49,pinnacle,3,0.4163,0.03,1.48,4.78,1.46,pinnacle:1.49; marathonbet:1.45; betsson:1.44,E3_Sharp_Validation,4
Avispa Fukuoka vs Gamba Osaka,2025-11-30 00:00:00,J League,Doble Chance,X2,1.45,pinnacle,3,0.4163,0.0267,1.32,4.78,1.4233,pinnacle:1.45; betsson:1.41; marathonbet:1.41,E3_Sharp_Validation,4
Go Ahead Eagles vs VfB Stuttgart,2025-11-27 15:00:00,Europa League,Doble Chance,1X,2.61,betsson,4,0.4152,0.075,1.8,2.89,2.535,betsson:2.61; codere_it:2.53; marathonbet:2.51; pinnacle:2.49,E1_Margen_Bajo,4
Shonan Bellmare vs Shimizu S Pulse,2025-11-30 00:00:00,J League,Goles (Over/Under),Over 2.5,1.93,pinnacle,2,0.4135,0.025,1.31,4.45,1.905,pinnacle:1.93; betsson:1.88,E3_Sharp_Validation,4
Shonan Bellmare vs Shimizu S Pulse,2025-11-30 00:00:00,J League,Goles (Over/Under),Under 2.5,1.9,pinnacle,2,0.4135,0.04,2.15,4.45,1.86,pinnacle:1.9; betsson:1.82,E3_Sharp_Validation,4
Vissel Kobe vs FC Tokyo,2025-11-30 00:00:00,J League,Goles (Over/Under),Over 2.5,1.93,pinnacle,2,0.4112,0.04,2.12,4.45,1.89,pinnacle:1.93; betsson:1.85,E3_Sharp_Validation,4
Vissel Kobe vs FC Tokyo,2025-11-30 00:00:00,J League,Goles (Over/Under),Under 2.5,1.9,pinnacle,2,0.4112,0.025,1.33,4.45,1.875,pinnacle:1.9; betsson:1.85,E3_Sharp_Validation,4
Slavia Praha vs Athletic Bilbao,2025-11-25 15:00:00,Champions League,Goles (Over/Under),Over 2.5,2.07,pinnacle,3,0.4102,0.0333,1.16,2.95,2.0367,pinnacle:2.07; betsson:2.02; codere_it:2.02,E1_Margen_Bajo,4
Slavia Praha vs Athletic Bilbao,2025-11-25 15:00:00,Champions League,Goles (Over/Under),Over 2.5,2.07,pinnacle,3,0.4102,0.0333,1.16,2.95,2.0367,pinnacle:2.07; betsson:2.02; codere_it:2.02,E3_Sharp_Validation,4
Albacete vs Deportivo La Coruña,2025-11-29 12:30:00,La Liga 2,Goles (Over/Under),Over 2.5,1.87,pinnacle,2,0.4089,0.035,1.91,4.5,1.835,pinnacle:1.87; betsson:1.8,E3_Sharp_Validation,4
Albacete vs Deportivo La Coruña,2025-11-29 12:30:00,La Liga 2,Goles (Over/Under),Under 2.5,1.96,pinnacle,2,0.4089,0.03,1.55,4.5,1.93,pinnacle:1.96; betsson:1.9,E3_Sharp_Validation,4
Yokohama FC vs Kyoto Purple Sanga,2025-11-30 00:00:00,J League,Doble Chance,1X,1.67,pinnacle,3,0.4074,0.0467,2.03,4.86,1.6233,pinnacle:1.67; betsson:1.6; marathonbet:1.6,E3_Sharp_Validation,4
Yokohama FC vs Kyoto Purple Sanga,2025-11-30 00:00:00,J League,Doble Chance,X2,1.32,pinnacle,3,0.4074,0.0133,0.95,4.86,1.3067,pinnacle:1.32; marathonbet:1.31; betsson:1.29,E3_Sharp_Validation,4
Atalanta BC vs Fiorentina,2025-11-30 12:00:00,Serie A,Goles (Over/Under),Over 2.5,1.85,pinnacle,3,0.4073,0.0233,0.93,3.56,1.8267,pinnacle:1.85; betsson:1.82; codere_it:1.81,E1_Margen_Bajo,4
Atalanta BC vs Fiorentina,2025-11-30 12:00:00,Serie A,Goles (Over/Under),Under 2.5,2.02,pinnacle,3,0.4073,0.03,1.09,3.56,1.99,pinnacle:2.02; betsson:1.98; codere_it:1.97,E1_Margen_Bajo,4
Atalanta BC vs Fiorentina,2025-11-30 12:00:00,Serie A,Goles (Over/Under),Over 2.5,1.85,pinnacle,3,0.4073,0.0233,0.93,3.56,1.8267,pinnacle:1.85; betsson:1.82; codere_it:1.81,E3_Sharp_Validation,4
Atalanta BC vs Fiorentina,2025-11-30 12:00:00,Serie A,Goles (Over/Under),Under 2.5,2.02,pinnacle,3,0.4073,0.03,1.09,3.56,1.99,pinnacle:2.02; betsson:1.98; codere_it:1.97,E3_Sharp_Validation,4
Lyon vs Nantes,2025-11-30 14:45:00,Ligue 1,Doble Chance,1X,1.13,marathonbet,4,0.4068,0.0125,0.74,3.22,1.1175,marathonbet:1.13; pinnacle:1.12; betsson:1.11; codere_it:1.11,E1_Margen_Bajo,4
Lyon vs Nantes,2025-11-30 14:45:00,Ligue 1,Doble Chance,X2,2.77,marathonbet,4,0.4068,0.0225,0.83,3.22,2.7475,marathonbet:2.77; betsson:2.76; pinnacle:2.75; codere_it:2.71,E1_Margen_Bajo,4
Lyon vs Nantes,2025-11-30 14:45:00,Ligue 1,Doble Chance,1X,1.13,marathonbet,4,0.4068,0.0125,0.74,3.22,1.1175,marathonbet:1.13; pinnacle:1.12; betsson:1.11; codere_it:1.11,E3_Sharp_Validation,4
Lyon vs Nantes,2025-11-30 14:45:00,Ligue 1,Doble Chance,X2,2.77,marathonbet,4,0.4068,0.0225,0.83,3.22,2.7475,marathonbet:2.77; betsson:2.76; pinnacle:2.75; codere_it:2.71,E3_Sharp_Validation,4
Chelsea vs Barcelona,2025-11-25 15:00:00,Champions League,Goles (Over/Under),Over 3.5,2.05,pinnacle,3,0.4028,0.01,0.69,2.83,2.04,pinnacle:2.05; codere_it:2.05; betsson:2.02,E1_Margen_Bajo,4
Chelsea vs Barcelona,2025-11-25 15:00:00,Champions League,Goles (Over/Under),Under 3.5,1.85,pinnacle,3,0.4028,0.03,1.19,2.83,1.82,pinnacle:1.85; codere_it:1.81; betsson:1.8,E1_Margen_Bajo,4
Chelsea vs Barcelona,2025-11-25 15:00:00,Champions League,Goles (Over/Under),Over 3.5,2.05,pinnacle,3,0.4028,0.01,0.69,2.83,2.04,pinnacle:2.05; codere_it:2.05; betsson:2.02,E3_Sharp_Validation,4
Chelsea vs Barcelona,2025-11-25 15:00:00,Champions League,Goles (Over/Under),Under 3.5,1.85,pinnacle,3,0.4028,0.03,1.19,2.83,1.82,pinnacle:1.85; codere_it:1.81; betsson:1.8,E3_Sharp_Validation,4
Kilmarnock vs Dundee United,2025-11-29 12:45:00,Premiership,Goles (Over/Under),Over 2.5,1.93,pinnacle,3,0.4005,0.0333,1.24,4.17,1.8967,pinnacle:1.93; betsson:1.88; codere_it:1.88,E3_Sharp_Validation,4
Kilmarnock vs Dundee United,2025-11-29 12:45:00,Premiership,Goles (Over/Under),Under 2.5,1.91,pinnacle,3,0.4005,0.0267,1.32,4.17,1.8833,pinnacle:1.91; codere_it:1.89; betsson:1.85,E3_Sharp_Validation,4
Bragantino-SP vs Fortaleza,2025-11-26 17:00:00,Brasileirão,Goles (Over/Under),Over 2.5,1.93,pinnacle,3,0.4005,0.04,1.56,4.17,1.89,pinnacle:1.93; betsson:1.88; codere_it:1.86,E3_Sharp_Validation,4
Bragantino-SP vs Fortaleza,2025-11-26 17:00:00,Brasileirão,Goles (Over/Under),Under 2.5,1.91,pinnacle,3,0.4005,0.02,1.5,4.17,1.89,pinnacle:1.91; codere_it:1.91; betsson:1.85,E3_Sharp_Validation,4
Getafe vs Elche CF,2025-11-28 15:00:00,La Liga,Doble Chance,1X,1.29,marathonbet,5,0.4,0.0135,1.11,3.25,1.2765,marathonbet:1.29; pinnacle:1.29; betsson:1.28; codere_it:1.27; bwin:1.2524,E1_Margen_Bajo,4
Getafe vs Elche CF,2025-11-28 15:00:00,La Liga,Doble Chance,X2,1.69,marathonbet,5,0.4,0.0207,1.35,3.25,1.6693,marathonbet:1.69; pinnacle:1.69; bwin:1.6765; codere_it:1.66; betsson:1.63,E1_Margen_Bajo,4
Cesena FC vs Modena,2025-11-28 14:30:00,Serie B,Doble Chance,1X,1.45,pinnacle,3,0.4,0.0156,1.22,4.75,1.4344,pinnacle:1.45; bwin:1.4431; betsson:1.41,E3_Sharp_Validation,4
Cesena FC vs Modena,2025-11-28 14:30:00,Serie B,Doble Chance,X2,1.45,pinnacle,3,0.4,0.0204,1.14,4.75,1.4296,pinnacle:1.45; bwin:1.4287; betsson:1.41,E3_Sharp_Validation,4
Getafe vs Elche CF,2025-11-28 15:00:00,La Liga,Doble Chance,1X,1.29,marathonbet,5,0.4,0.0135,1.11,3.25,1.2765,marathonbet:1.29; pinnacle:1.29; betsson:1.28; codere_it:1.27; bwin:1.2524,E3_Sharp_Validation,4
Getafe vs Elche CF,2025-11-28 15:00:00,La Liga,Doble Chance,X2,1.69,marathonbet,5,0.4,0.0207,1.35,3.25,1.6693,marathonbet:1.69; pinnacle:1.69; bwin:1.6765; codere_it:1.66; betsson:1.63,E3_Sharp_Validation,4
Brisbane Roar vs Melbourne Victory,2025-11-28 03:35:00,A-League,Doble Chance,X2,1.53,pinnacle,5,0.3984,0.0533,2.69,4.97,1.4767,pinnacle:1.53; betsson:1.51; bwin:1.4733; marathonbet:1.45; codere_it:1.42,E3_Sharp_Validation,4
SC Bastia vs Stade Lavallois,2025-11-25 14:00:00,Ligue 2,Doble Chance,X2,1.76,pinnacle,5,0.3975,0.0889,2.74,5.61,1.6711,pinnacle:1.76; bwin:1.6657; betsson:1.65; marathonbet:1.65; codere_it:1.63,E3_Sharp_Validation,4
Torino vs Como,2025-11-24 12:30:00,Serie A,Doble Chance,1X,1.68,marathonbet,4,0.3952,0.0125,0.78,2.91,1.6675,marathonbet:1.68; pinnacle:1.68; codere_it:1.66; betsson:1.65,E1_Margen_Bajo,4
Torino vs Como,2025-11-24 12:30:00,Serie A,Doble Chance,X2,1.35,marathonbet,4,0.3952,0.025,1.36,2.91,1.325,marathonbet:1.35; codere_it:1.33; pinnacle:1.32; betsson:1.3,E1_Margen_Bajo,4
Torino vs Como,2025-11-24 12:30:00,Serie A,Doble Chance,1X,1.68,marathonbet,4,0.3952,0.0125,0.78,2.91,1.6675,marathonbet:1.68; pinnacle:1.68; codere_it:1.66; betsson:1.65,E3_Sharp_Validation,4
Torino vs Como,2025-11-24 12:30:00,Serie A,Doble Chance,X2,1.35,marathonbet,4,0.3952,0.025,1.36,2.91,1.325,marathonbet:1.35; codere_it:1.33; pinnacle:1.32; betsson:1.3,E3_Sharp_Validation,4
Motherwell vs Hibernian,2025-11-25 14:45:00,Premiership,Goles (Over/Under),Over 2.5,1.91,pinnacle,3,0.3933,0.0433,2.24,4.17,1.8667,pinnacle:1.91; betsson:1.88; codere_it:1.81,E3_Sharp_Validation,4
FC Lugano vs FC St Gallen,2025-11-26 13:00:00,Swiss Superleague,Doble Chance,1X,1.32,pinnacle,3,0.391,0.04,2.21,5.09,1.28,pinnacle:1.32; betsson:1.26; marathonbet:1.26,E3_Sharp_Validation,4
Lorient vs Nice,2025-11-30 11:15:00,Ligue 1,Doble Chance,1X,1.47,marathonbet,4,0.3892,0.0275,1.14,3.16,1.4425,marathonbet:1.47; codere_it:1.44; betsson:1.43; pinnacle:1.43,E1_Margen_Bajo,4
Lorient vs Nice,2025-11-30 11:15:00,Ligue 1,Doble Chance,1X,1.47,marathonbet,4,0.3892,0.0275,1.14,3.16,1.4425,marathonbet:1.47; codere_it:1.44; betsson:1.43; pinnacle:1.43,E3_Sharp_Validation,4
Monterrey vs América,2025-11-26 16:00:00,Liga MX,Doble Chance,1X,1.51,pinnacle,3,0.3866,0.03,1.46,4.94,1.48,pinnacle:1.51; betsson:1.47; marathonbet:1.46,E3_Sharp_Validation,4
Monterrey vs América,2025-11-26 16:00:00,Liga MX,Doble Chance,X2,1.48,pinnacle,3,0.3866,0.0267,1.3,4.94,1.4533,pinnacle:1.48; betsson:1.44; marathonbet:1.44,E3_Sharp_Validation,4
Yokohama F Marinos vs Cerezo Osaka,2025-11-30 00:00:00,J League,Doble Chance,1X,1.46,pinnacle,3,0.3861,0.02,1.13,4.74,1.44,pinnacle:1.46; betsson:1.44; marathonbet:1.42,E3_Sharp_Validation,4
Yokohama F Marinos vs Cerezo Osaka,2025-11-30 00:00:00,J League,Doble Chance,X2,1.57,pinnacle,3,0.3861,0.0233,1.1,4.74,1.5467,pinnacle:1.57; marathonbet:1.54; betsson:1.53,E3_Sharp_Validation,4
Le Havre vs Lille,2025-11-30 11:15:00,Ligue 1,Doble Chance,1X,1.97,marathonbet,4,0.3856,0.065,2.15,3.06,1.905,marathonbet:1.97; pinnacle:1.91; betsson:1.87; codere_it:1.87,E1_Margen_Bajo,4
Le Havre vs Lille,2025-11-30 11:15:00,Ligue 1,Doble Chance,X2,1.26,marathonbet,4,0.3856,0.0,0.0,3.06,1.26,marathonbet:1.26; betsson:1.26; pinnacle:1.26; codere_it:1.26,E1_Margen_Bajo,4
Le Havre vs Lille,2025-11-30 11:15:00,Ligue 1,Doble Chance,1X,1.97,marathonbet,4,0.3856,0.065,2.15,3.06,1.905,marathonbet:1.97; pinnacle:1.91; betsson:1.87; codere_it:1.87,E3_Sharp_Validation,4
Le Havre vs Lille,2025-11-30 11:15:00,Ligue 1,Doble Chance,X2,1.26,marathonbet,4,0.3856,0.0,0.0,3.06,1.26,marathonbet:1.26; betsson:1.26; pinnacle:1.26; codere_it:1.26,E3_Sharp_Validation,4
SC Freiburg vs FSV Mainz 05,2025-11-30 13:30:00,Bundesliga,Doble Chance,1X,1.31,marathonbet,4,0.3854,0.02,0.95,3.14,1.29,marathonbet:1.31; codere_it:1.29; betsson:1.28; pinnacle:1.28,E1_Margen_Bajo,4
SC Freiburg vs FSV Mainz 05,2025-11-30 13:30:00,Bundesliga,Doble Chance,X2,1.81,marathonbet,4,0.3854,0.025,1.4,3.14,1.785,marathonbet:1.81; pinnacle:1.81; betsson:1.76; codere_it:1.76,E1_Margen_Bajo,4
SC Freiburg vs FSV Mainz 05,2025-11-30 13:30:00,Bundesliga,Doble Chance,1X,1.31,marathonbet,4,0.3854,0.02,0.95,3.14,1.29,marathonbet:1.31; codere_it:1.29; betsson:1.28; pinnacle:1.28,E3_Sharp_Validation,4
SC Freiburg vs FSV Mainz 05,2025-11-30 13:30:00,Bundesliga,Doble Chance,X2,1.81,marathonbet,4,0.3854,0.025,1.4,3.14,1.785,marathonbet:1.81; pinnacle:1.81; betsson:1.76; codere_it:1.76,E3_Sharp_Validation,4
Legia Warszawa vs Sparta Prague,2025-11-27 15:00:00,Conference League,Doble Chance,1X,1.43,pinnacle,4,0.3842,0.0401,2.71,5.44,1.3899,pinnacle:1.43; betsson:1.41; marathonbet:1.39; bwin:1.3295,E3_Sharp_Validation,4
Legia Warszawa vs Sparta Prague,2025-11-27 15:00:00,Conference League,Doble Chance,X2,1.54,pinnacle,4,0.3842,0.0154,0.58,5.44,1.5246,pinnacle:1.54; marathonbet:1.52; betsson:1.52; bwin:1.5184,E3_Sharp_Validation,4
Marseille vs Toulouse,2025-11-29 15:05:00,Ligue 1,Doble Chance,X2,2.35,marathonbet,4,0.3841,0.055,1.76,3.15,2.295,marathonbet:2.35; pinnacle:2.31; betsson:2.28; codere_it:2.24,E1_Margen_Bajo,4
Marseille vs Toulouse,2025-11-29 15:05:00,Ligue 1,Doble Chance,X2,2.35,marathonbet,4,0.3841,0.055,1.76,3.15,2.295,marathonbet:2.35; pinnacle:2.31; betsson:2.28; codere_it:2.24,E3_Sharp_Validation,4
Angers vs RC Lens,2025-11-30 11:15:00,Ligue 1,Doble Chance,1X,2.14,marathonbet,4,0.3824,0.0425,1.56,3.19,2.0975,marathonbet:2.14; pinnacle:2.11; betsson:2.09; codere_it:2.05,E1_Margen_Bajo,4
Angers vs RC Lens,2025-11-30 11:15:00,Ligue 1,Doble Chance,X2,1.22,marathonbet,4,0.3824,0.0075,0.36,3.19,1.2125,marathonbet:1.22; betsson:1.21; pinnacle:1.21; codere_it:1.21,E1_Margen_Bajo,4
Angers vs RC Lens,2025-11-30 11:15:00,Ligue 1,Doble Chance,1X,2.14,marathonbet,4,0.3824,0.0425,1.56,3.19,2.0975,marathonbet:2.14; pinnacle:2.11; betsson:2.09; codere_it:2.05,E3_Sharp_Validation,4
Angers vs RC Lens,2025-11-30 11:15:00,Ligue 1,Doble Chance,X2,1.22,marathonbet,4,0.3824,0.0075,0.36,3.19,1.2125,marathonbet:1.22; betsson:1.21; pinnacle:1.21; codere_it:1.21,E3_Sharp_Validation,4
FC Machida Zelvia vs Nagoya Grampus,2025-11-30 00:00:00,J League,Doble Chance,1X,1.19,pinnacle,3,0.3783,0.0267,1.62,4.89,1.1633,pinnacle:1.19; betsson:1.15; marathonbet:1.15,E3_Sharp_Validation,4
FC Machida Zelvia vs Nagoya Grampus,2025-11-30 00:00:00,J League,Doble Chance,X2,2.09,pinnacle,3,0.3783,0.04,1.38,4.89,2.05,pinnacle:2.09; betsson:2.03; marathonbet:2.03,E3_Sharp_Validation,4
Girona vs Real Madrid,2025-11-30 15:00:00,La Liga,Doble Chance,X2,1.11,marathonbet,4,0.3718,0.0075,0.75,3.12,1.1025,marathonbet:1.11; codere_it:1.11; pinnacle:1.1; betsson:1.09,E1_Margen_Bajo,4
Girona vs Real Madrid,2025-11-30 15:00:00,La Liga,Doble Chance,X2,1.11,marathonbet,4,0.3718,0.0075,0.75,3.12,1.1025,marathonbet:1.11; codere_it:1.11; pinnacle:1.1; betsson:1.09,E3_Sharp_Validation,4
SC Verl vs VfL Osnabrück,2025-11-30 10:30:00,3. Liga,Doble Chance,1X,1.34,pinnacle,3,0.3672,0.0133,0.94,6.1,1.3267,pinnacle:1.34; betsson:1.33; codere_it:1.31,E3_Sharp_Validation,4
SC Verl vs VfL Osnabrück,2025-11-30 10:30:00,3. Liga,Doble Chance,X2,1.62,pinnacle,3,0.3672,0.0333,1.57,6.1,1.5867,pinnacle:1.62; betsson:1.58; codere_it:1.56,E3_Sharp_Validation,4
Guadalajara vs Cruz Azul,2025-11-26 16:00:00,Liga MX,Doble Chance,1X,1.39,pinnacle,4,0.3671,0.0101,0.72,5.04,1.3799,pinnacle:1.39; bwin:1.3895; betsson:1.37; marathonbet:1.37,E3_Sharp_Validation,4
Guadalajara vs Cruz Azul,2025-11-26 16:00:00,Liga MX,Doble Chance,X2,1.58,pinnacle,4,0.3671,0.0413,1.67,5.04,1.5387,pinnacle:1.58; betsson:1.54; marathonbet:1.52; bwin:1.5148,E3_Sharp_Validation,4
Wellington Phoenix FC vs Adelaide United,2025-11-28 23:00:00,A-League,Doble Chance,1X,1.74,pinnacle,5,0.367,0.0537,2.27,5.15,1.6863,pinnacle:1.74; betsson:1.7; marathonbet:1.69; codere_it:1.68; bwin:1.6214,E3_Sharp_Validation,4
Panathinaikos vs AEK Athens,2025-11-30 14:00:00,Super League,Doble Chance,1X,1.47,pinnacle,3,0.3669,0.03,2.04,5.37,1.44,pinnacle:1.47; betsson:1.45; codere_it:1.4,E3_Sharp_Validation,4
Panathinaikos vs AEK Athens,2025-11-30 14:00:00,Super League,Doble Chance,X2,1.46,pinnacle,3,0.3669,0.02,1.5,5.37,1.44,pinnacle:1.46; betsson:1.45; codere_it:1.41,E3_Sharp_Validation,4
Radomiak Radom vs Górnik Zabrze,2025-11-28 14:30:00,Ekstraklasa,Goles (Over/Under),Over 2.5,1.9,pinnacle,2,0.3652,0.01,0.53,4.71,1.89,pinnacle:1.9; betsson:1.88,E3_Sharp_Validation,4
Radomiak Radom vs Górnik Zabrze,2025-11-28 14:30:00,Ekstraklasa,Goles (Over/Under),Under 2.5,1.92,pinnacle,2,0.3652,0.05,2.67,4.71,1.87,pinnacle:1.92; betsson:1.82,E3_Sharp_Validation,4
Gangwon FC vs Pohang Steelers,2025-11-30 02:30:00,K League 1,Doble Chance,1X,1.36,pinnacle,3,0.3646,0.0133,0.7,5.43,1.3467,pinnacle:1.36; betsson:1.34; marathonbet:1.34,E3_Sharp_Validation,4
Gangwon FC vs Pohang Steelers,2025-11-30 02:30:00,K League 1,Doble Chance,X2,1.6,pinnacle,3,0.3646,0.0533,2.91,5.43,1.5467,pinnacle:1.6; marathonbet:1.55; betsson:1.49,E3_Sharp_Validation,4
MSV Duisburg vs Alemannia Aachen,2025-11-29 08:00:00,3. Liga,Goles (Over/Under),Over 2.5,1.85,pinnacle,3,0.3646,0.0433,1.83,5.87,1.8067,pinnacle:1.85; betsson:1.8; codere_it:1.77,E3_Sharp_Validation,4
MSV Duisburg vs Alemannia Aachen,2025-11-29 08:00:00,3. Liga,Goles (Over/Under),Under 2.5,1.93,pinnacle,3,0.3646,0.03,1.29,5.87,1.9,pinnacle:1.93; betsson:1.9; codere_it:1.87,E3_Sharp_Validation,4
Espanyol vs Sevilla,2025-11-24 15:00:00,La Liga,Goles (Over/Under),Over 2.5,2.22,codere_it,2,0.3643,0.05,2.3,3.87,2.17,codere_it:2.22; betsson:2.12,E1_Margen_Bajo,4
Espanyol vs Sevilla,2025-11-24 15:00:00,La Liga,Goles (Over/Under),Under 2.5,1.7,codere_it,2,0.3643,0.01,0.59,3.87,1.69,codere_it:1.7; betsson:1.68,E1_Margen_Bajo,4
Córdoba vs Cádiz CF,2025-11-30 12:30:00,La Liga 2,Goles (Over/Under),Over 2.5,1.99,pinnacle,2,0.3643,0.02,1.02,4.31,1.97,pinnacle:1.99; betsson:1.95,E3_Sharp_Validation,4
Córdoba vs Cádiz CF,2025-11-30 12:30:00,La Liga 2,Goles (Over/Under),Under 2.5,1.85,pinnacle,2,0.3643,0.035,1.93,4.31,1.815,pinnacle:1.85; betsson:1.78,E3_Sharp_Validation,4
US Catanzaro 1929 vs Virtus Entella,2025-11-29 11:15:00,Serie B,Doble Chance,1X,1.41,pinnacle,3,0.3631,0.0267,1.49,5.04,1.3833,pinnacle:1.41; marathonbet:1.38; betsson:1.36,E3_Sharp_Validation,4
US Catanzaro 1929 vs Virtus Entella,2025-11-29 11:15:00,Serie B,Doble Chance,X2,1.52,pinnacle,3,0.3631,0.03,1.45,5.04,1.49,pinnacle:1.52; marathonbet:1.48; betsson:1.47,E3_Sharp_Validation,4
Real Racing Club de Santander vs SD Eibar,2025-11-30 10:15:00,La Liga 2,Doble Chance,1X,1.31,pinnacle,3,0.3629,0.0133,0.73,5.07,1.2967,pinnacle:1.31; marathonbet:1.29; betsson:1.29,E3_Sharp_Validation,4
Real Racing Club de Santander vs SD Eibar,2025-11-30 10:15:00,La Liga 2,Doble Chance,X2,1.79,pinnacle,3,0.3629,0.06,2.45,5.07,1.73,pinnacle:1.79; marathonbet:1.7; betsson:1.7,E3_Sharp_Validation,4
Porto vs Nice,2025-11-27 12:45:00,Europa League,Goles (Over/Under),Over 2.5,1.8,codere_it,2,0.3627,0.025,1.41,3.86,1.775,codere_it:1.8; betsson:1.75,E1_Margen_Bajo,4
Porto vs Nice,2025-11-27 12:45:00,Europa League,Goles (Over/Under),Under 2.5,2.07,codere_it,2,0.3627,0.025,1.22,3.86,2.045,codere_it:2.07; betsson:2.02,E1_Margen_Bajo,4
Daegu FC vs FC Anyang,2025-11-30 00:00:00,K League 1,Goles (Over/Under),Over 2.5,1.89,pinnacle,2,0.3623,0.035,1.89,4.72,1.855,pinnacle:1.89; betsson:1.82,E3_Sharp_Validation,4
Daegu FC vs FC Anyang,2025-11-30 00:00:00,K League 1,Goles (Over/Under),Under 2.5,1.93,pinnacle,2,0.3623,0.025,1.31,4.72,1.905,pinnacle:1.93; betsson:1.88,E3_Sharp_Validation,4
Hamburger SV vs VfB Stuttgart,2025-11-30 09:30:00,Bundesliga,Doble Chance,1X,1.71,marathonbet,4,0.3614,0.015,0.98,3.21,1.695,marathonbet:1.71; pinnacle:1.71; codere_it:1.69; betsson:1.67,E1_Margen_Bajo,4
Hamburger SV vs VfB Stuttgart,2025-11-30 09:30:00,Bundesliga,Doble Chance,X2,1.41,marathonbet,4,0.3614,0.02,1.02,3.21,1.39,marathonbet:1.41; pinnacle:1.39; codere_it:1.39; betsson:1.37,E1_Margen_Bajo,4
Hamburger SV vs VfB Stuttgart,2025-11-30 09:30:00,Bundesliga,Doble Chance,1X,1.71,marathonbet,4,0.3614,0.015,0.98,3.21,1.695,marathonbet:1.71; pinnacle:1.71; codere_it:1.69; betsson:1.67,E3_Sharp_Validation,4
Hamburger SV vs VfB Stuttgart,2025-11-30 09:30:00,Bundesliga,Doble Chance,X2,1.41,marathonbet,4,0.3614,0.02,1.02,3.21,1.39,marathonbet:1.41; pinnacle:1.39; codere_it:1.39; betsson:1.37,E3_Sharp_Validation,4
Real Betis vs FC Utrecht,2025-11-27 15:00:00,Europa League,Goles (Over/Under),Over 2.5,1.67,codere_it,2,0.3613,0.025,1.52,3.93,1.645,codere_it:1.67; betsson:1.62,E1_Margen_Bajo,4
Real Betis vs FC Utrecht,2025-11-27 15:00:00,Europa League,Goles (Over/Under),Under 2.5,2.27,codere_it,2,0.3613,0.025,1.11,3.93,2.245,codere_it:2.27; betsson:2.22,E1_Margen_Bajo,4
Nottingham Forest vs Brighton and Hove Albion,2025-11-30 09:05:00,EPL,Goles (Over/Under),Over 2.5,1.89,pinnacle,3,0.3597,0.03,1.91,3.67,1.86,pinnacle:1.89; betsson:1.88; codere_it:1.81,E1_Margen_Bajo,4
Nottingham Forest vs Brighton and Hove Albion,2025-11-30 09:05:00,EPL,Goles (Over/Under),Under 2.5,1.97,pinnacle,3,0.3597,0.0167,1.21,3.67,1.9533,pinnacle:1.97; codere_it:1.97; betsson:1.92,E1_Margen_Bajo,4
Nottingham Forest vs Brighton and Hove Albion,2025-11-30 09:05:00,EPL,Goles (Over/Under),Over 2.5,1.89,pinnacle,3,0.3597,0.03,1.91,3.67,1.86,pinnacle:1.89; betsson:1.88; codere_it:1.81,E3_Sharp_Validation,4
Nottingham Forest vs Brighton and Hove Albion,2025-11-30 09:05:00,EPL,Goles (Over/Under),Under 2.5,1.97,pinnacle,3,0.3597,0.0167,1.21,3.67,1.9533,pinnacle:1.97; codere_it:1.97; betsson:1.92,E3_Sharp_Validation,4
Real Sociedad vs Villarreal,2025-11-30 08:00:00,La Liga,Doble Chance,1X,1.53,marathonbet,4,0.3551,0.02,1.24,3.21,1.51,marathonbet:1.53; pinnacle:1.52; betsson:1.51; codere_it:1.48,E1_Margen_Bajo,4
Real Sociedad vs Villarreal,2025-11-30 08:00:00,La Liga,Doble Chance,X2,1.51,marathonbet,4,0.3551,0.0075,0.55,3.21,1.5025,marathonbet:1.51; pinnacle:1.51; codere_it:1.5; betsson:1.49,E1_Margen_Bajo,4
Real Sociedad vs Villarreal,2025-11-30 08:00:00,La Liga,Doble Chance,1X,1.53,marathonbet,4,0.3551,0.02,1.24,3.21,1.51,marathonbet:1.53; pinnacle:1.52; betsson:1.51; codere_it:1.48,E3_Sharp_Validation,4
Real Sociedad vs Villarreal,2025-11-30 08:00:00,La Liga,Doble Chance,X2,1.51,marathonbet,4,0.3551,0.0075,0.55,3.21,1.5025,marathonbet:1.51; pinnacle:1.51; codere_it:1.5; betsson:1.49,E3_Sharp_Validation,4
Espanyol vs Sevilla,2025-11-24 15:00:00,La Liga,Doble Chance,1X,1.3,marathonbet,4,0.3544,0.0175,0.85,2.85,1.2825,marathonbet:1.3; betsson:1.28; codere_it:1.28; pinnacle:1.27,E1_Margen_Bajo,4
Espanyol vs Sevilla,2025-11-24 15:00:00,La Liga,Doble Chance,1X,1.3,marathonbet,4,0.3544,0.0175,0.85,2.85,1.2825,marathonbet:1.3; betsson:1.28; codere_it:1.28; pinnacle:1.27,E3_Sharp_Validation,4
Südtirol vs Avellino,2025-11-29 09:00:00,Serie B,Doble Chance,1X,1.28,pinnacle,3,0.3542,0.0133,0.98,5.11,1.2667,pinnacle:1.28; marathonbet:1.27; betsson:1.25,E3_Sharp_Validation,4
Südtirol vs Avellino,2025-11-29 09:00:00,Serie B,Doble Chance,X2,1.73,pinnacle,3,0.3542,0.0233,1.0,5.11,1.7067,pinnacle:1.73; betsson:1.7; marathonbet:1.69,E3_Sharp_Validation,4
Sangju Sangmu FC vs Daejeon Citizen,2025-11-30 02:30:00,K League 1,Doble Chance,1X,1.44,pinnacle,3,0.354,0.0133,1.32,5.48,1.4267,pinnacle:1.44; marathonbet:1.44; betsson:1.4,E3_Sharp_Validation,4
Sangju Sangmu FC vs Daejeon Citizen,2025-11-30 02:30:00,K League 1,Doble Chance,X2,1.52,pinnacle,3,0.354,0.0233,1.14,5.48,1.4967,pinnacle:1.52; marathonbet:1.49; betsson:1.48,E3_Sharp_Validation,4
Milton Keynes Dons vs Fleetwood Town,2025-11-29 07:30:00,League 2,Goles (Over/Under),Over 2.5,1.85,pinnacle,3,0.3536,0.0133,1.03,5.6,1.8367,pinnacle:1.85; betsson:1.85; codere_it:1.81,E3_Sharp_Validation,4
Milton Keynes Dons vs Fleetwood Town,2025-11-29 07:30:00,League 2,Goles (Over/Under),Under 2.5,1.94,pinnacle,3,0.3536,0.0567,2.39,5.6,1.8833,pinnacle:1.94; betsson:1.88; codere_it:1.83,E3_Sharp_Validation,4
Kocaelispor vs Genclerbirligi SK,2025-11-28 12:00:00,Super League,Doble Chance,X2,1.88,pinnacle,4,0.352,0.06,2.36,5.17,1.82,pinnacle:1.88; betsson:1.84; marathonbet:1.79; codere_it:1.77,E3_Sharp_Validation,4
Atlético Madrid vs Oviedo,2025-11-29 15:00:00,La Liga,Doble Chance,1X,1.03,marathonbet,4,0.3513,0.005,0.84,3.16,1.025,marathonbet:1.03; pinnacle:1.03; codere_it:1.03; betsson:1.01,E1_Margen_Bajo,4
Atlético Madrid vs Oviedo,2025-11-29 15:00:00,La Liga,Doble Chance,1X,1.03,marathonbet,4,0.3513,0.005,0.84,3.16,1.025,marathonbet:1.03; pinnacle:1.03; codere_it:1.03; betsson:1.01,E3_Sharp_Validation,4
Zaragoza vs Leganés,2025-11-30 08:00:00,La Liga 2,Doble Chance,1X,1.5,pinnacle,3,0.3495,0.02,0.96,4.95,1.48,pinnacle:1.5; betsson:1.47; marathonbet:1.47,E3_Sharp_Validation,4
Zaragoza vs Leganés,2025-11-30 08:00:00,La Liga 2,Doble Chance,X2,1.44,pinnacle,3,0.3495,0.0333,1.68,4.95,1.4067,pinnacle:1.44; betsson:1.39; marathonbet:1.39,E3_Sharp_Validation,4
Celta Vigo vs Espanyol,2025-11-30 12:30:00,La Liga,Doble Chance,X2,1.87,marathonbet,4,0.3492,0.0675,2.76,3.15,1.8025,marathonbet:1.87; codere_it:1.81; pinnacle:1.8; betsson:1.73,E1_Margen_Bajo,4
Cultural Leonesa vs Granada CF,2025-11-29 10:15:00,La Liga 2,Doble Chance,X2,1.51,pinnacle,3,0.3492,0.0333,1.6,5.04,1.4767,pinnacle:1.51; marathonbet:1.46; betsson:1.46,E3_Sharp_Validation,4
Celta Vigo vs Espanyol,2025-11-30 12:30:00,La Liga,Doble Chance,X2,1.87,marathonbet,4,0.3492,0.0675,2.76,3.15,1.8025,marathonbet:1.87; codere_it:1.81; pinnacle:1.8; betsson:1.73,E3_Sharp_Validation,4
CD Castellón vs Las Palmas,2025-11-30 15:00:00,La Liga 2,Goles (Over/Under),Under 2.5,1.87,pinnacle,2,0.3489,0.06,3.31,4.5,1.81,pinnacle:1.87; betsson:1.75,E3_Sharp_Validation,4
Austria Wien vs WSG Tirol,2025-11-29 11:00:00,Austrian Bundesliga,Goles (Over/Under),Over 2.5,1.99,pinnacle,3,0.348,0.0567,2.17,4.31,1.9333,pinnacle:1.99; betsson:1.92; codere_it:1.89,E3_Sharp_Validation,4
Çaykur Rizespor vs Kayserispor,2025-11-29 06:30:00,Super League,Doble Chance,1X,1.26,pinnacle,4,0.3462,0.0175,1.19,5.2,1.2425,pinnacle:1.26; betsson:1.25; marathonbet:1.24; codere_it:1.22,E3_Sharp_Validation,4
Çaykur Rizespor vs Kayserispor,2025-11-29 06:30:00,Super League,Doble Chance,X2,1.91,pinnacle,4,0.3462,0.0425,2.02,5.2,1.8675,pinnacle:1.91; betsson:1.89; marathonbet:1.86; codere_it:1.81,E3_Sharp_Validation,4
Grimsby Town vs Tranmere Rovers,2025-11-27 15:00:00,League 2,Goles (Over/Under),Over 2.5,1.85,pinnacle,3,0.3446,0.0367,1.82,5.6,1.8133,pinnacle:1.85; betsson:1.82; codere_it:1.77,E3_Sharp_Validation,4
Grimsby Town vs Tranmere Rovers,2025-11-27 15:00:00,League 2,Goles (Over/Under),Under 2.5,1.94,pinnacle,3,0.3446,0.03,1.54,5.6,1.91,pinnacle:1.94; betsson:1.92; codere_it:1.87,E3_Sharp_Validation,4
Metz vs Rennes,2025-11-28 14:45:00,Ligue 1,Doble Chance,1X,1.86,marathonbet,4,0.3438,0.025,1.36,3.2,1.835,marathonbet:1.86; pinnacle:1.86; betsson:1.81; codere_it:1.81,E1_Margen_Bajo,4
Metz vs Rennes,2025-11-28 14:45:00,Ligue 1,Doble Chance,X2,1.31,marathonbet,4,0.3438,0.0075,0.64,3.2,1.3025,marathonbet:1.31; pinnacle:1.31; codere_it:1.3; betsson:1.29,E1_Margen_Bajo,4
Metz vs Rennes,2025-11-28 14:45:00,Ligue 1,Doble Chance,1X,1.86,marathonbet,4,0.3438,0.025,1.36,3.2,1.835,marathonbet:1.86; pinnacle:1.86; betsson:1.81; codere_it:1.81,E3_Sharp_Validation,4
Metz vs Rennes,2025-11-28 14:45:00,Ligue 1,Doble Chance,X2,1.31,marathonbet,4,0.3438,0.0075,0.64,3.2,1.3025,marathonbet:1.31; pinnacle:1.31; codere_it:1.3; betsson:1.29,E3_Sharp_Validation,4
Hannover 96 vs Karlsruher SC,2025-11-28 12:30:00,Bundesliga 2,Doble Chance,X2,2.22,pinnacle,5,0.3429,0.1069,3.37,5.25,2.1131,pinnacle:2.22; bwin:2.1453; marathonbet:2.13; betsson:2.05; codere_it:2.02,E3_Sharp_Validation,4
Rio Ave FC vs Santa Clara,2025-11-30 10:30:00,Primeira Liga,Doble Chance,1X,1.59,pinnacle,3,0.3428,0.0367,1.85,4.93,1.5533,pinnacle:1.59; betsson:1.55; marathonbet:1.52,E3_Sharp_Validation,4
Rio Ave FC vs Santa Clara,2025-11-30 10:30:00,Primeira Liga,Doble Chance,X2,1.35,pinnacle,3,0.3428,0.0133,0.93,4.93,1.3367,pinnacle:1.35; marathonbet:1.34; betsson:1.32,E3_Sharp_Validation,4
Pescara vs Padova,2025-11-29 09:00:00,Serie B,Doble Chance,1X,1.51,pinnacle,3,0.3419,0.0267,1.27,5.03,1.4833,pinnacle:1.51; marathonbet:1.47; betsson:1.47,E3_Sharp_Validation,4
Pescara vs Padova,2025-11-29 09:00:00,Serie B,Doble Chance,X2,1.45,pinnacle,3,0.3419,0.0367,1.86,5.03,1.4133,pinnacle:1.45; marathonbet:1.4; betsson:1.39,E3_Sharp_Validation,4
Go Ahead Eagles vs VfB Stuttgart,2025-11-27 15:00:00,Europa League,Goles (Over/Under),Over 2.5,1.59,codere_it,2,0.3402,0.02,1.27,3.88,1.57,codere_it:1.59; betsson:1.55,E1_Margen_Bajo,4
Go Ahead Eagles vs VfB Stuttgart,2025-11-27 15:00:00,Europa League,Goles (Over/Under),Under 2.5,2.44,codere_it,2,0.3402,0.03,1.24,3.88,2.41,codere_it:2.44; betsson:2.38,E1_Margen_Bajo,4
Suwon FC vs Gwangju FC,2025-11-30 00:00:00,K League 1,Doble Chance,1X,1.32,pinnacle,3,0.3389,0.0267,1.59,5.43,1.2933,pinnacle:1.32; marathonbet:1.29; betsson:1.27,E3_Sharp_Validation,4
Suwon FC vs Gwangju FC,2025-11-30 00:00:00,K League 1,Doble Chance,X2,1.69,pinnacle,3,0.3389,0.0267,1.24,5.43,1.6633,pinnacle:1.69; marathonbet:1.66; betsson:1.64,E3_Sharp_Validation,4
Kawasaki Frontale vs Hiroshima Sanfrecce FC,2025-11-30 00:00:00,J League,Doble Chance,1X,1.68,pinnacle,3,0.3374,0.0367,1.6,4.92,1.6433,pinnacle:1.68; marathonbet:1.63; betsson:1.62,E3_Sharp_Validation,4
Kawasaki Frontale vs Hiroshima Sanfrecce FC,2025-11-30 00:00:00,J League,Doble Chance,X2,1.38,pinnacle,3,0.3374,0.02,1.04,4.92,1.36,pinnacle:1.38; betsson:1.35; marathonbet:1.35,E3_Sharp_Validation,4
FC Lausanne-Sport vs FC Thun,2025-11-30 10:30:00,Swiss Superleague,Doble Chance,X2,1.68,pinnacle,4,0.336,0.0425,1.64,4.91,1.6375,pinnacle:1.68; codere_it:1.64; marathonbet:1.62; betsson:1.61,E3_Sharp_Validation,4
Liverpool vs PSV Eindhoven,2025-11-26 15:00:00,Champions League,Goles (Over/Under),Over 3.5,1.89,pinnacle,3,0.3354,0.01,0.43,3.16,1.88,pinnacle:1.89; betsson:1.88; codere_it:1.87,E1_Margen_Bajo,4
Liverpool vs PSV Eindhoven,2025-11-26 15:00:00,Champions League,Goles (Over/Under),Under 3.5,1.99,pinnacle,3,0.3354,0.03,1.5,3.16,1.96,pinnacle:1.99; codere_it:1.97; betsson:1.92,E1_Margen_Bajo,4
Liverpool vs PSV Eindhoven,2025-11-26 15:00:00,Champions League,Goles (Over/Under),Over 3.5,1.89,pinnacle,3,0.3354,0.01,0.43,3.16,1.88,pinnacle:1.89; betsson:1.88; codere_it:1.87,E3_Sharp_Validation,4
Liverpool vs PSV Eindhoven,2025-11-26 15:00:00,Champions League,Goles (Over/Under),Under 3.5,1.99,pinnacle,3,0.3354,0.03,1.5,3.16,1.96,pinnacle:1.99; codere_it:1.97; betsson:1.92,E3_Sharp_Validation,4
Motherwell vs Hibernian,2025-11-25 14:45:00,Premiership,Doble Chance,1X,1.53,pinnacle,5,0.3333,0.0296,1.1,4.92,1.5004,pinnacle:1.53; betsson:1.5; codere_it:1.5; bwin:1.4918; marathonbet:1.48,E3_Sharp_Validation,4
Norwich City vs Oxford United,2025-11-25 14:45:00,Championship,Goles (Over/Under),Under 2.5,1.93,pinnacle,3,0.3333,0.0467,1.8,4.17,1.8833,pinnacle:1.93; codere_it:1.87; betsson:1.85,E3_Sharp_Validation,4
HNK Rijeka vs AEK Larnaca,2025-11-27 15:00:00,Conference League,Doble Chance,1X,1.29,pinnacle,4,0.3321,0.0132,0.95,5.54,1.2768,pinnacle:1.29; betsson:1.28; marathonbet:1.28; bwin:1.2571,E3_Sharp_Validation,4
HNK Rijeka vs AEK Larnaca,2025-11-27 15:00:00,Conference League,Doble Chance,X2,1.71,pinnacle,4,0.3321,0.0282,1.66,5.54,1.6818,pinnacle:1.71; betsson:1.7; marathonbet:1.68; bwin:1.6374,E3_Sharp_Validation,4
Ried vs Wolfsberger AC,2025-11-29 11:00:00,Austrian Bundesliga,Goles (Over/Under),Over 2.5,1.99,pinnacle,3,0.3318,0.04,1.51,4.31,1.95,pinnacle:1.99; codere_it:1.94; betsson:1.92,E3_Sharp_Validation,4
Ried vs Wolfsberger AC,2025-11-29 11:00:00,Austrian Bundesliga,Goles (Over/Under),Under 2.5,1.85,pinnacle,3,0.3318,0.0133,0.68,4.31,1.8367,pinnacle:1.85; codere_it:1.84; betsson:1.82,E3_Sharp_Validation,4
Central Coast Mariners vs Melbourne City,2025-11-29 01:00:00,A-League,Doble Chance,1X,2.06,pinnacle,5,0.3284,0.0826,2.32,5.45,1.9774,pinnacle:2.06; betsson:1.98; bwin:1.9671; marathonbet:1.96; codere_it:1.92,E3_Sharp_Validation,4
Central Coast Mariners vs Melbourne City,2025-11-29 01:00:00,A-League,Doble Chance,X2,1.21,pinnacle,5,0.3284,0.0156,0.87,5.45,1.1944,pinnacle:1.21; bwin:1.2018; marathonbet:1.19; betsson:1.19; codere_it:1.18,E3_Sharp_Validation,4
Strasbourg vs Brest,2025-11-30 09:00:00,Ligue 1,Doble Chance,1X,1.28,marathonbet,4,0.3281,0.01,0.79,3.17,1.27,marathonbet:1.28; codere_it:1.28; betsson:1.26; pinnacle:1.26,E1_Margen_Bajo,4
Strasbourg vs Brest,2025-11-30 09:00:00,Ligue 1,Doble Chance,X2,1.92,marathonbet,4,0.3281,0.02,1.53,3.17,1.9,marathonbet:1.92; pinnacle:1.92; betsson:1.91; codere_it:1.85,E1_Margen_Bajo,4
Strasbourg vs Brest,2025-11-30 09:00:00,Ligue 1,Doble Chance,1X,1.28,marathonbet,4,0.3281,0.01,0.79,3.17,1.27,marathonbet:1.28; codere_it:1.28; betsson:1.26; pinnacle:1.26,E3_Sharp_Validation,4
Strasbourg vs Brest,2025-11-30 09:00:00,Ligue 1,Doble Chance,X2,1.92,marathonbet,4,0.3281,0.02,1.53,3.17,1.9,marathonbet:1.92; pinnacle:1.92; betsson:1.91; codere_it:1.85,E3_Sharp_Validation,4
FC Copenhagen vs FC Kairat,2025-11-26 12:45:00,Champions League,Doble Chance,1X,1.09,marathonbet,5,0.328,0.0125,1.12,3.14,1.0775,marathonbet:1.09; codere_it:1.09; betsson:1.08; bwin:1.0675; pinnacle:1.06,E1_Margen_Bajo,4
FC Copenhagen vs FC Kairat,2025-11-26 12:45:00,Champions League,Doble Chance,1X,1.09,marathonbet,5,0.328,0.0125,1.12,3.14,1.0775,marathonbet:1.09; codere_it:1.09; betsson:1.08; bwin:1.0675; pinnacle:1.06,E3_Sharp_Validation,4
CD Castellón vs Las Palmas,2025-11-30 15:00:00,La Liga 2,Doble Chance,X2,1.67,pinnacle,3,0.3268,0.05,2.2,5.08,1.62,pinnacle:1.67; betsson:1.6; marathonbet:1.59,E3_Sharp_Validation,4
Radomiak Radom vs Górnik Zabrze,2025-11-28 14:30:00,Ekstraklasa,Doble Chance,X2,1.39,pinnacle,3,0.3267,0.04,2.1,5.54,1.35,pinnacle:1.39; betsson:1.33; marathonbet:1.33,E3_Sharp_Validation,4
Bragantino-SP vs Fortaleza,2025-11-26 17:00:00,Brasileirão,Doble Chance,1X,1.32,pinnacle,4,0.3266,0.0175,0.84,4.96,1.3025,pinnacle:1.32; betsson:1.3; codere_it:1.3; marathonbet:1.29,E3_Sharp_Validation,4
Bragantino-SP vs Fortaleza,2025-11-26 17:00:00,Brasileirão,Doble Chance,X2,1.72,pinnacle,4,0.3266,0.0275,1.35,4.96,1.6925,pinnacle:1.72; codere_it:1.71; betsson:1.67; marathonbet:1.67,E3_Sharp_Validation,4
Albacete vs Deportivo La Coruña,2025-11-29 12:30:00,La Liga 2,Doble Chance,1X,1.45,pinnacle,3,0.3265,0.0167,0.87,4.87,1.4333,pinnacle:1.45; marathonbet:1.43; betsson:1.42,E3_Sharp_Validation,4
Albacete vs Deportivo La Coruña,2025-11-29 12:30:00,La Liga 2,Doble Chance,X2,1.53,pinnacle,3,0.3265,0.0067,0.31,4.87,1.5233,pinnacle:1.53; betsson:1.52; marathonbet:1.52,E3_Sharp_Validation,4
Tokyo Verdy vs Kashima Antlers,2025-11-30 00:00:00,J League,Doble Chance,1X,2.02,pinnacle,3,0.3261,0.07,2.61,5.09,1.95,pinnacle:2.02; betsson:1.93; marathonbet:1.9,E3_Sharp_Validation,4
Tokyo Verdy vs Kashima Antlers,2025-11-30 00:00:00,J League,Doble Chance,X2,1.18,pinnacle,3,0.3261,0.0167,1.07,5.09,1.1633,pinnacle:1.18; marathonbet:1.16; betsson:1.15,E3_Sharp_Validation,4
Livingston vs Aberdeen,2025-11-30 10:00:00,Premiership,Doble Chance,X2,1.51,pinnacle,5,0.3261,0.0403,1.56,5.09,1.4697,pinnacle:1.51; betsson:1.47; codere_it:1.47; bwin:1.4583; marathonbet:1.44,E3_Sharp_Validation,4
Sigma Olomouc vs NK Celje,2025-11-27 12:45:00,Conference League,Doble Chance,1X,1.39,pinnacle,4,0.3261,0.018,1.56,5.52,1.372,pinnacle:1.39; betsson:1.39; marathonbet:1.37; bwin:1.3378,E3_Sharp_Validation,4
Sigma Olomouc vs NK Celje,2025-11-27 12:45:00,Conference League,Doble Chance,X2,1.6,pinnacle,4,0.3261,0.0327,1.6,5.52,1.5673,pinnacle:1.6; marathonbet:1.57; betsson:1.57; bwin:1.5293,E3_Sharp_Validation,4
Atromitos Athens vs Asteras Tripolis,2025-11-30 10:00:00,Super League,Doble Chance,1X,1.31,pinnacle,3,0.3255,0.0233,1.6,5.5,1.2867,pinnacle:1.31; betsson:1.29; codere_it:1.26,E3_Sharp_Validation,4
Atromitos Athens vs Asteras Tripolis,2025-11-30 10:00:00,Super League,Doble Chance,X2,1.67,pinnacle,3,0.3255,0.0233,1.59,5.5,1.6467,pinnacle:1.67; betsson:1.66; codere_it:1.61,E3_Sharp_Validation,4
Dundee FC vs St Mirren,2025-11-29 10:00:00,Premiership,Doble Chance,1X,1.66,pinnacle,5,0.3254,0.044,2.43,5.07,1.616,pinnacle:1.66; codere_it:1.65; betsson:1.62; marathonbet:1.6; bwin:1.55,E3_Sharp_Validation,4
Corinthians vs Botafogo,2025-11-30 14:00:00,Brasileirão,Doble Chance,X2,1.59,pinnacle,5,0.3243,0.036,1.26,4.81,1.554,pinnacle:1.59; codere_it:1.55; betsson:1.55; bwin:1.55; marathonbet:1.53,E3_Sharp_Validation,4
Grêmio vs Palmeiras,2025-11-25 19:30:00,Brasileirão,Doble Chance,X2,1.39,pinnacle,4,0.3241,0.0225,1.08,4.69,1.3675,pinnacle:1.39; betsson:1.37; codere_it:1.36; marathonbet:1.35,E3_Sharp_Validation,4
Cambridge United vs Crewe Alexandra,2025-11-29 10:00:00,League 2,Doble Chance,1X,1.34,pinnacle,4,0.3239,0.025,2.18,5.99,1.315,pinnacle:1.34; betsson:1.34; marathonbet:1.31; codere_it:1.27,E3_Sharp_Validation,4
Cambridge United vs Crewe Alexandra,2025-11-29 10:00:00,League 2,Doble Chance,X2,1.59,pinnacle,4,0.3239,0.03,1.11,5.99,1.56,pinnacle:1.59; marathonbet:1.55; codere_it:1.55; betsson:1.55,E3_Sharp_Validation,4
Aberdeen vs FC Noah,2025-11-27 15:00:00,Conference League,Doble Chance,1X,1.33,pinnacle,4,0.3239,0.0218,1.66,5.68,1.3082,pinnacle:1.33; marathonbet:1.32; betsson:1.31; bwin:1.2727,E3_Sharp_Validation,4
Aberdeen vs FC Noah,2025-11-27 15:00:00,Conference League,Doble Chance,X2,1.69,pinnacle,4,0.3239,0.0246,1.09,5.68,1.6654,pinnacle:1.69; bwin:1.6716; betsson:1.66; marathonbet:1.64,E3_Sharp_Validation,4
Werder Bremen vs 1. FC Köln,2025-11-29 09:30:00,Bundesliga,Doble Chance,X2,1.68,marathonbet,4,0.3227,0.0125,0.65,3.13,1.6675,marathonbet:1.68; betsson:1.67; pinnacle:1.67; codere_it:1.65,E3_Sharp_Validation,4
Sporting Lisbon vs Club Brugge,2025-11-26 15:00:00,Champions League,Doble Chance,1X,1.22,marathonbet,5,0.3192,0.0087,0.64,3.07,1.2113,marathonbet:1.22; codere_it:1.22; betsson:1.21; bwin:1.2067; pinnacle:1.2,E3_Sharp_Validation,4
Sporting Lisbon vs Club Brugge,2025-11-26 15:00:00,Champions League,Doble Chance,X2,2.23,marathonbet,5,0.3192,0.0335,1.99,3.07,2.1965,marathonbet:2.23; pinnacle:2.23; betsson:2.23; codere_it:2.17; bwin:2.1224,E3_Sharp_Validation,4
Mallorca vs CA Osasuna,2025-11-29 08:00:00,La Liga,Doble Chance,1X,1.38,marathonbet,4,0.3189,0.0175,0.8,3.23,1.3625,marathonbet:1.38; pinnacle:1.36; codere_it:1.36; betsson:1.35,E3_Sharp_Validation,4
Colchester United vs Cheltenham Town,2025-11-29 10:00:00,League 2,Goles (Over/Under),Under 2.5,1.98,pinnacle,3,0.3183,0.06,2.55,5.75,1.92,pinnacle:1.98; betsson:1.92; codere_it:1.86,E3_Sharp_Validation,4
Atlético Madrid vs Inter Milan,2025-11-26 15:00:00,Champions League,Goles (Over/Under),Over 2.5,1.85,pinnacle,3,0.316,0.0133,0.68,3.07,1.8367,pinnacle:1.85; codere_it:1.84; betsson:1.82,E3_Sharp_Validation,4
Atlético Madrid vs Inter Milan,2025-11-26 15:00:00,Champions League,Goles (Over/Under),Under 2.5,2.04,pinnacle,3,0.316,0.0233,0.84,3.07,2.0167,pinnacle:2.04; codere_it:2.01; betsson:2.0,E3_Sharp_Validation,4
Suwon FC vs Gwangju FC,2025-11-30 00:00:00,K League 1,Goles (Over/Under),Over 2.5,1.96,pinnacle,2,0.3156,0.02,1.03,5.07,1.94,pinnacle:1.96; betsson:1.92,E3_Sharp_Validation,4
Suwon FC vs Gwangju FC,2025-11-30 00:00:00,K League 1,Goles (Over/Under),Under 2.5,1.85,pinnacle,2,0.3156,0.035,1.93,5.07,1.815,pinnacle:1.85; betsson:1.78,E3_Sharp_Validation,4
Jeonbuk Hyundai Motors vs FC Seoul,2025-11-30 02:30:00,K League 1,Doble Chance,1X,1.41,pinnacle,3,0.3149,0.0167,1.22,5.43,1.3933,pinnacle:1.41; marathonbet:1.4; betsson:1.37,E3_Sharp_Validation,4
Jeonbuk Hyundai Motors vs FC Seoul,2025-11-30 02:30:00,K League 1,Doble Chance,X2,1.57,pinnacle,3,0.3149,0.0267,1.33,5.43,1.5433,pinnacle:1.57; marathonbet:1.54; betsson:1.52,E3_Sharp_Validation,4
Guadalajara vs Cruz Azul,2025-11-26 16:00:00,Liga MX,Goles (Over/Under),Over 2.5,1.93,pinnacle,2,0.3146,0.025,1.31,4.45,1.905,pinnacle:1.93; betsson:1.88,E3_Sharp_Validation,4
Guadalajara vs Cruz Azul,2025-11-26 16:00:00,Liga MX,Goles (Over/Under),Under 2.5,1.9,pinnacle,2,0.3146,0.025,1.33,4.45,1.875,pinnacle:1.9; betsson:1.85,E3_Sharp_Validation,4
Daegu FC vs FC Anyang,2025-11-30 00:00:00,K League 1,Doble Chance,1X,1.47,pinnacle,3,0.3143,0.02,1.13,5.44,1.45,pinnacle:1.47; marathonbet:1.45; betsson:1.43,E3_Sharp_Validation,4
Daegu FC vs FC Anyang,2025-11-30 00:00:00,K League 1,Doble Chance,X2,1.47,pinnacle,3,0.3143,0.0133,0.65,5.44,1.4567,pinnacle:1.47; betsson:1.45; marathonbet:1.45,E3_Sharp_Validation,4
Nottingham Forest vs Brighton and Hove Albion,2025-11-30 09:05:00,EPL,Doble Chance,1X,1.54,marathonbet,4,0.3139,0.0175,0.72,3.09,1.5225,marathonbet:1.54; betsson:1.52; pinnacle:1.52; codere_it:1.51,E3_Sharp_Validation,4
Piast Gliwice vs Widzew Łódź,2025-11-28 12:00:00,Ekstraklasa,Doble Chance,1X,1.4,pinnacle,3,0.3127,0.0233,1.23,5.5,1.3767,pinnacle:1.4; betsson:1.37; marathonbet:1.36,E3_Sharp_Validation,4
Piast Gliwice vs Widzew Łódź,2025-11-28 12:00:00,Ekstraklasa,Doble Chance,X2,1.58,pinnacle,3,0.3127,0.0467,2.15,5.5,1.5333,pinnacle:1.58; betsson:1.51; marathonbet:1.51,E3_Sharp_Validation,4
Korona Kielce vs Cracovia Kraków,2025-11-29 11:30:00,Ekstraklasa,Doble Chance,1X,1.37,pinnacle,3,0.3123,0.01,0.6,5.54,1.36,pinnacle:1.37; marathonbet:1.36; betsson:1.35,E3_Sharp_Validation,4
Korona Kielce vs Cracovia Kraków,2025-11-29 11:30:00,Ekstraklasa,Doble Chance,X2,1.57,pinnacle,3,0.3123,0.0533,2.49,5.54,1.5167,pinnacle:1.57; betsson:1.49; marathonbet:1.49,E3_Sharp_Validation,4
Servette vs BSC Young Boys,2025-11-30 08:00:00,Swiss Superleague,Doble Chance,1X,1.37,pinnacle,4,0.3108,0.0075,0.61,5.02,1.3625,pinnacle:1.37; codere_it:1.37; marathonbet:1.36; betsson:1.35,E3_Sharp_Validation,4
Servette vs BSC Young Boys,2025-11-30 08:00:00,Swiss Superleague,Doble Chance,X2,1.69,pinnacle,4,0.3108,0.025,1.38,5.02,1.665,pinnacle:1.69; codere_it:1.68; betsson:1.66; marathonbet:1.63,E3_Sharp_Validation,4
Reggiana vs Frosinone,2025-11-29 09:00:00,Serie B,Doble Chance,1X,1.68,pinnacle,3,0.3097,0.0439,2.05,5.07,1.6361,pinnacle:1.68; marathonbet:1.63; bwin:1.5984,E3_Sharp_Validation,4
Reggiana vs Frosinone,2025-11-29 09:00:00,Serie B,Doble Chance,X2,1.32,pinnacle,3,0.3097,0.0033,0.36,5.07,1.3167,pinnacle:1.32; bwin:1.32; marathonbet:1.31,E3_Sharp_Validation,4
Levante vs Athletic Bilbao,2025-11-29 12:30:00,La Liga,Doble Chance,1X,1.85,marathonbet,4,0.3094,0.065,2.19,3.2,1.785,marathonbet:1.85; pinnacle:1.78; codere_it:1.76; betsson:1.75,E3_Sharp_Validation,4
Córdoba vs Cádiz CF,2025-11-30 12:30:00,La Liga 2,Doble Chance,1X,1.24,pinnacle,3,0.3081,0.0167,1.02,5.42,1.2233,pinnacle:1.24; marathonbet:1.22; betsson:1.21,E3_Sharp_Validation,4
Córdoba vs Cádiz CF,2025-11-30 12:30:00,La Liga 2,Doble Chance,X2,1.91,pinnacle,3,0.3081,0.0533,2.21,5.42,1.8567,pinnacle:1.91; marathonbet:1.85; betsson:1.81,E3_Sharp_Validation,4
LASK vs Rapid Wien,2025-11-30 11:00:00,Austrian Bundesliga,Goles (Over/Under),Over 2.5,1.83,pinnacle,2,0.306,0.025,1.39,4.15,1.805,pinnacle:1.83; betsson:1.78,E3_Sharp_Validation,4
LASK vs Rapid Wien,2025-11-30 11:00:00,Austrian Bundesliga,Goles (Over/Under),Under 2.5,2.02,pinnacle,2,0.306,0.02,1.0,4.15,2.0,pinnacle:2.02; betsson:1.98,E3_Sharp_Validation,4
1. FC Saarbrücken vs Rot-Weiss Essen,2025-11-29 08:00:00,3. Liga,Doble Chance,1X,1.48,pinnacle,3,0.3048,0.03,1.69,6.3,1.45,pinnacle:1.48; betsson:1.45; codere_it:1.42,E3_Sharp_Validation,4
1. FC Saarbrücken vs Rot-Weiss Essen,2025-11-29 08:00:00,3. Liga,Doble Chance,X2,1.5,pinnacle,3,0.3048,0.0333,1.96,6.3,1.4667,pinnacle:1.5; betsson:1.47; codere_it:1.43,E3_Sharp_Validation,4
Rheindorf Altach vs RB Salzburg,2025-11-30 08:30:00,Austrian Bundesliga,Goles (Over/Under),Over 2.5,1.86,pinnacle,2,0.3031,0.005,0.27,4.52,1.855,pinnacle:1.86; betsson:1.85,E3_Sharp_Validation,4
Rheindorf Altach vs RB Salzburg,2025-11-30 08:30:00,Austrian Bundesliga,Goles (Over/Under),Under 2.5,1.97,pinnacle,2,0.3031,0.045,2.34,4.52,1.925,pinnacle:1.97; betsson:1.88,E3_Sharp_Validation,4
Bayer Leverkusen vs Borussia Dortmund,2025-11-29 12:30:00,Bundesliga,Doble Chance,1X,1.51,marathonbet,4,0.3003,0.015,1.0,3.13,1.495,marathonbet:1.51; pinnacle:1.51; betsson:1.48; codere_it:1.48,E3_Sharp_Validation,4
Bristol Rovers vs Notts County,2025-11-29 10:00:00,League 2,Goles (Over/Under),Over 2.5,1.92,pinnacle,3,0.2991,0.0233,1.74,5.85,1.8967,pinnacle:1.92; betsson:1.92; codere_it:1.85,E3_Sharp_Validation,4
Bristol Rovers vs Notts County,2025-11-29 10:00:00,League 2,Goles (Over/Under),Under 2.5,1.86,pinnacle,3,0.2991,0.0367,1.57,5.85,1.8233,pinnacle:1.86; betsson:1.82; codere_it:1.79,E3_Sharp_Validation,4
